ID,Label
train_00000.jpg,0
train_00001.jpg,1
train_00002.jpg,1
train_00003.jpg,5
train_00004.jpg,5
train_00005.jpg,5
train_00006.jpg,3
train_00007.jpg,0
train_00008.jpg,3
train_00009.jpg,5
train_00010.jpg,3
train_00011.jpg,5
train_00012.jpg,3
train_00013.jpg,3
train_00014.jpg,1
train_00015.jpg,1
train_00016.jpg,1
train_00017.jpg,1
train_00018.jpg,5
train_00019.jpg,1
train_00020.jpg,1
train_00021.jpg,1
train_00022.jpg,0
train_00023.jpg,5
train_00024.jpg,3
train_00025.jpg,1
train_00026.jpg,5
train_00027.jpg,5
train_00028.jpg,4
train_00029.jpg,5
train_00030.jpg,5
train_00031.jpg,0
train_00032.jpg,0
train_00033.jpg,4
train_00034.jpg,3
train_00035.jpg,1
train_00036.jpg,1
train_00037.jpg,0
train_00038.jpg,0
train_00039.jpg,1
train_00040.jpg,1
train_00041.jpg,5
train_00042.jpg,1
train_00043.jpg,5
train_00044.jpg,5
train_00045.jpg,5
train_00046.jpg,3
train_00047.jpg,1
train_00048.jpg,1
train_00049.jpg,1
train_00050.jpg,4
train_00051.jpg,0
train_00052.jpg,3
train_00053.jpg,3
train_00054.jpg,5
train_00055.jpg,0
train_00056.jpg,1
train_00057.jpg,0
train_00058.jpg,5
train_00059.jpg,5
train_00060.jpg,5
train_00061.jpg,5
train_00062.jpg,3
train_00063.jpg,5
train_00064.jpg,0
train_00065.jpg,0
train_00066.jpg,1
train_00067.jpg,0
train_00068.jpg,3
train_00069.jpg,5
train_00070.jpg,5
train_00071.jpg,0
train_00072.jpg,1
train_00073.jpg,5
train_00074.jpg,0
train_00075.jpg,5
train_00076.jpg,3
train_00077.jpg,4
train_00078.jpg,5
train_00079.jpg,1
train_00080.jpg,0
train_00081.jpg,5
train_00082.jpg,0
train_00083.jpg,1
train_00084.jpg,0
train_00085.jpg,1
train_00086.jpg,0
train_00087.jpg,5
train_00088.jpg,3
train_00089.jpg,0
train_00090.jpg,5
train_00091.jpg,5
train_00092.jpg,5
train_00093.jpg,0
train_00094.jpg,0
train_00095.jpg,0
train_00096.jpg,1
train_00097.jpg,0
train_00098.jpg,5
train_00099.jpg,3
train_00100.jpg,3
train_00101.jpg,0
train_00102.jpg,0
train_00103.jpg,0
train_00104.jpg,4
train_00105.jpg,0
train_00106.jpg,0
train_00107.jpg,5
train_00108.jpg,0
train_00109.jpg,0
train_00110.jpg,0
train_00111.jpg,4
train_00112.jpg,1
train_00113.jpg,5
train_00114.jpg,3
train_00115.jpg,0
train_00116.jpg,0
train_00117.jpg,0
train_00118.jpg,2
train_00119.jpg,0
train_00120.jpg,3
train_00121.jpg,5
train_00122.jpg,1
train_00123.jpg,5
train_00124.jpg,1
train_00125.jpg,2
train_00126.jpg,1
train_00127.jpg,3
train_00128.jpg,2
train_00129.jpg,5
train_00130.jpg,1
train_00131.jpg,0
train_00132.jpg,4
train_00133.jpg,4
train_00134.jpg,1
train_00135.jpg,4
train_00136.jpg,0
train_00137.jpg,2
train_00138.jpg,3
train_00139.jpg,0
train_00140.jpg,1
train_00141.jpg,5
train_00142.jpg,3
train_00143.jpg,4
train_00144.jpg,1
train_00145.jpg,0
train_00146.jpg,5
train_00147.jpg,0
train_00148.jpg,1
train_00149.jpg,4
train_00150.jpg,1
train_00151.jpg,0
train_00152.jpg,3
train_00153.jpg,0
train_00154.jpg,1
train_00155.jpg,0
train_00156.jpg,3
train_00157.jpg,5
train_00158.jpg,3
train_00159.jpg,5
train_00160.jpg,4
train_00161.jpg,2
train_00162.jpg,3
train_00163.jpg,0
train_00164.jpg,1
train_00165.jpg,1
train_00166.jpg,0
train_00167.jpg,0
train_00168.jpg,1
train_00169.jpg,4
train_00170.jpg,1
train_00171.jpg,5
train_00172.jpg,1
train_00173.jpg,0
train_00174.jpg,3
train_00175.jpg,2
train_00176.jpg,1
train_00177.jpg,3
train_00178.jpg,1
train_00179.jpg,0
train_00180.jpg,0
train_00181.jpg,4
train_00182.jpg,0
train_00183.jpg,1
train_00184.jpg,5
train_00185.jpg,5
train_00186.jpg,3
train_00187.jpg,0
train_00188.jpg,0
train_00189.jpg,5
train_00190.jpg,4
train_00191.jpg,1
train_00192.jpg,5
train_00193.jpg,1
train_00194.jpg,0
train_00195.jpg,4
train_00196.jpg,3
train_00197.jpg,3
train_00198.jpg,5
train_00199.jpg,1
train_00200.jpg,5
train_00201.jpg,4
train_00202.jpg,0
train_00203.jpg,1
train_00204.jpg,5
train_00205.jpg,1
train_00206.jpg,0
train_00207.jpg,0
train_00208.jpg,3
train_00209.jpg,1
train_00210.jpg,5
train_00211.jpg,5
train_00212.jpg,5
train_00213.jpg,5
train_00214.jpg,3
train_00215.jpg,5
train_00216.jpg,1
train_00217.jpg,3
train_00218.jpg,4
train_00219.jpg,0
train_00220.jpg,2
train_00221.jpg,1
train_00222.jpg,3
train_00223.jpg,3
train_00224.jpg,0
train_00225.jpg,1
train_00226.jpg,1
train_00227.jpg,0
train_00228.jpg,0
train_00229.jpg,0
train_00230.jpg,5
train_00231.jpg,4
train_00232.jpg,1
train_00233.jpg,5
train_00234.jpg,4
train_00235.jpg,1
train_00236.jpg,3
train_00237.jpg,5
train_00238.jpg,4
train_00239.jpg,0
train_00240.jpg,1
train_00241.jpg,1
train_00242.jpg,0
train_00243.jpg,1
train_00244.jpg,2
train_00245.jpg,4
train_00246.jpg,5
train_00247.jpg,0
train_00248.jpg,1
train_00249.jpg,5
train_00250.jpg,3
train_00251.jpg,5
train_00252.jpg,0
train_00253.jpg,1
train_00254.jpg,3
train_00255.jpg,3
train_00256.jpg,1
train_00257.jpg,4
train_00258.jpg,1
train_00259.jpg,5
train_00260.jpg,5
train_00261.jpg,3
train_00262.jpg,2
train_00263.jpg,0
train_00264.jpg,5
train_00265.jpg,4
train_00266.jpg,4
train_00267.jpg,3
train_00268.jpg,5
train_00269.jpg,1
train_00270.jpg,4
train_00271.jpg,5
train_00272.jpg,5
train_00273.jpg,5
train_00274.jpg,5
train_00275.jpg,1
train_00276.jpg,5
train_00277.jpg,1
train_00278.jpg,1
train_00279.jpg,5
train_00280.jpg,4
train_00281.jpg,0
train_00282.jpg,3
train_00283.jpg,0
train_00284.jpg,1
train_00285.jpg,3
train_00286.jpg,1
train_00287.jpg,3
train_00288.jpg,3
train_00289.jpg,4
train_00290.jpg,5
train_00291.jpg,3
train_00292.jpg,5
train_00293.jpg,5
train_00294.jpg,0
train_00295.jpg,5
train_00296.jpg,3
train_00297.jpg,1
train_00298.jpg,1
train_00299.jpg,5
train_00300.jpg,1
train_00301.jpg,1
train_00302.jpg,2
train_00303.jpg,1
train_00304.jpg,5
train_00305.jpg,4
train_00306.jpg,3
train_00307.jpg,4
train_00308.jpg,1
train_00309.jpg,0
train_00310.jpg,1
train_00311.jpg,5
train_00312.jpg,0
train_00313.jpg,2
train_00314.jpg,0
train_00315.jpg,5
train_00316.jpg,0
train_00317.jpg,5
train_00318.jpg,0
train_00319.jpg,4
train_00320.jpg,5
train_00321.jpg,4
train_00322.jpg,0
train_00323.jpg,0
train_00324.jpg,0
train_00325.jpg,2
train_00326.jpg,1
train_00327.jpg,5
train_00328.jpg,5
train_00329.jpg,4
train_00330.jpg,2
train_00331.jpg,1
train_00332.jpg,0
train_00333.jpg,4
train_00334.jpg,1
train_00335.jpg,1
train_00336.jpg,5
train_00337.jpg,4
train_00338.jpg,3
train_00339.jpg,3
train_00340.jpg,3
train_00341.jpg,3
train_00342.jpg,5
train_00343.jpg,0
train_00344.jpg,1
train_00345.jpg,0
train_00346.jpg,5
train_00347.jpg,0
train_00348.jpg,3
train_00349.jpg,0
train_00350.jpg,1
train_00351.jpg,3
train_00352.jpg,5
train_00353.jpg,0
train_00354.jpg,3
train_00355.jpg,0
train_00356.jpg,1
train_00357.jpg,4
train_00358.jpg,0
train_00359.jpg,1
train_00360.jpg,5
train_00361.jpg,5
train_00362.jpg,3
train_00363.jpg,3
train_00364.jpg,0
train_00365.jpg,4
train_00366.jpg,0
train_00367.jpg,0
train_00368.jpg,5
train_00369.jpg,1
train_00370.jpg,3
train_00371.jpg,5
train_00372.jpg,0
train_00373.jpg,0
train_00374.jpg,0
train_00375.jpg,0
train_00376.jpg,0
train_00377.jpg,1
train_00378.jpg,3
train_00379.jpg,0
train_00380.jpg,0
train_00381.jpg,0
train_00382.jpg,5
train_00383.jpg,5
train_00384.jpg,3
train_00385.jpg,0
train_00386.jpg,4
train_00387.jpg,0
train_00388.jpg,3
train_00389.jpg,0
train_00390.jpg,2
train_00391.jpg,5
train_00392.jpg,1
train_00393.jpg,1
train_00394.jpg,3
train_00395.jpg,1
train_00396.jpg,5
train_00397.jpg,5
train_00398.jpg,5
train_00399.jpg,1
train_00400.jpg,3
train_00401.jpg,0
train_00402.jpg,0
train_00403.jpg,3
train_00404.jpg,4
train_00405.jpg,1
train_00406.jpg,0
train_00407.jpg,5
train_00408.jpg,5
train_00409.jpg,2
train_00410.jpg,1
train_00411.jpg,1
train_00412.jpg,0
train_00413.jpg,1
train_00414.jpg,0
train_00415.jpg,1
train_00416.jpg,4
train_00417.jpg,3
train_00418.jpg,0
train_00419.jpg,0
train_00420.jpg,5
train_00421.jpg,1
train_00422.jpg,0
train_00423.jpg,5
train_00424.jpg,1
train_00425.jpg,1
train_00426.jpg,4
train_00427.jpg,4
train_00428.jpg,5
train_00429.jpg,0
train_00430.jpg,0
train_00431.jpg,0
train_00432.jpg,1
train_00433.jpg,1
train_00434.jpg,4
train_00435.jpg,1
train_00436.jpg,5
train_00437.jpg,3
train_00438.jpg,0
train_00439.jpg,0
train_00440.jpg,3
train_00441.jpg,4
train_00442.jpg,0
train_00443.jpg,5
train_00444.jpg,1
train_00445.jpg,3
train_00446.jpg,5
train_00447.jpg,4
train_00448.jpg,5
train_00449.jpg,3
train_00450.jpg,5
train_00451.jpg,1
train_00452.jpg,1
train_00453.jpg,2
train_00454.jpg,3
train_00455.jpg,1
train_00456.jpg,3
train_00457.jpg,3
train_00458.jpg,3
train_00459.jpg,0
train_00460.jpg,3
train_00461.jpg,5
train_00462.jpg,3
train_00463.jpg,4
train_00464.jpg,4
train_00465.jpg,0
train_00466.jpg,4
train_00467.jpg,3
train_00468.jpg,0
train_00469.jpg,1
train_00470.jpg,0
train_00471.jpg,1
train_00472.jpg,5
train_00473.jpg,4
train_00474.jpg,1
train_00475.jpg,5
train_00476.jpg,3
train_00477.jpg,0
train_00478.jpg,5
train_00479.jpg,5
train_00480.jpg,2
train_00481.jpg,4
train_00482.jpg,0
train_00483.jpg,0
train_00484.jpg,5
train_00485.jpg,5
train_00486.jpg,1
train_00487.jpg,3
train_00488.jpg,1
train_00489.jpg,2
train_00490.jpg,3
train_00491.jpg,0
train_00492.jpg,0
train_00493.jpg,5
train_00494.jpg,5
train_00495.jpg,2
train_00496.jpg,0
train_00497.jpg,0
train_00498.jpg,1
train_00499.jpg,5
train_00500.jpg,0
train_00501.jpg,0
train_00502.jpg,0
train_00503.jpg,0
train_00504.jpg,5
train_00505.jpg,2
train_00506.jpg,1
train_00507.jpg,3
train_00508.jpg,0
train_00509.jpg,4
train_00510.jpg,3
train_00511.jpg,0
train_00512.jpg,5
train_00513.jpg,0
train_00514.jpg,5
train_00515.jpg,4
train_00516.jpg,0
train_00517.jpg,5
train_00518.jpg,4
train_00519.jpg,3
train_00520.jpg,1
train_00521.jpg,5
train_00522.jpg,5
train_00523.jpg,1
train_00524.jpg,5
train_00525.jpg,4
train_00526.jpg,5
train_00527.jpg,1
train_00528.jpg,0
train_00529.jpg,0
train_00530.jpg,5
train_00531.jpg,0
train_00532.jpg,5
train_00533.jpg,1
train_00534.jpg,1
train_00535.jpg,1
train_00536.jpg,3
train_00537.jpg,0
train_00538.jpg,0
train_00539.jpg,0
train_00540.jpg,4
train_00541.jpg,0
train_00542.jpg,0
train_00543.jpg,1
train_00544.jpg,2
train_00545.jpg,3
train_00546.jpg,3
train_00547.jpg,2
train_00548.jpg,5
train_00549.jpg,0
train_00550.jpg,5
train_00551.jpg,3
train_00552.jpg,3
train_00553.jpg,3
train_00554.jpg,4
train_00555.jpg,5
train_00556.jpg,4
train_00557.jpg,4
train_00558.jpg,5
train_00559.jpg,1
train_00560.jpg,5
train_00561.jpg,0
train_00562.jpg,5
train_00563.jpg,4
train_00564.jpg,0
train_00565.jpg,0
train_00566.jpg,5
train_00567.jpg,4
train_00568.jpg,5
train_00569.jpg,3
train_00570.jpg,5
train_00571.jpg,5
train_00572.jpg,0
train_00573.jpg,4
train_00574.jpg,0
train_00575.jpg,1
train_00576.jpg,4
train_00577.jpg,0
train_00578.jpg,0
train_00579.jpg,1
train_00580.jpg,3
train_00581.jpg,0
train_00582.jpg,4
train_00583.jpg,4
train_00584.jpg,0
train_00585.jpg,0
train_00586.jpg,3
train_00587.jpg,5
train_00588.jpg,5
train_00589.jpg,5
train_00590.jpg,0
train_00591.jpg,4
train_00592.jpg,5
train_00593.jpg,3
train_00594.jpg,5
train_00595.jpg,5
train_00596.jpg,1
train_00597.jpg,5
train_00598.jpg,5
train_00599.jpg,5
train_00600.jpg,5
train_00601.jpg,4
train_00602.jpg,0
train_00603.jpg,5
train_00604.jpg,4
train_00605.jpg,0
train_00606.jpg,5
train_00607.jpg,0
train_00608.jpg,3
train_00609.jpg,5
train_00610.jpg,1
train_00611.jpg,0
train_00612.jpg,0
train_00613.jpg,4
train_00614.jpg,0
train_00615.jpg,5
train_00616.jpg,5
train_00617.jpg,5
train_00618.jpg,5
train_00619.jpg,3
train_00620.jpg,1
train_00621.jpg,1
train_00622.jpg,0
train_00623.jpg,3
train_00624.jpg,3
train_00625.jpg,0
train_00626.jpg,0
train_00627.jpg,1
train_00628.jpg,1
train_00629.jpg,2
train_00630.jpg,0
train_00631.jpg,5
train_00632.jpg,3
train_00633.jpg,5
train_00634.jpg,5
train_00635.jpg,4
train_00636.jpg,1
train_00637.jpg,0
train_00638.jpg,0
train_00639.jpg,0
train_00640.jpg,0
train_00641.jpg,3
train_00642.jpg,3
train_00643.jpg,0
train_00644.jpg,5
train_00645.jpg,1
train_00646.jpg,1
train_00647.jpg,0
train_00648.jpg,1
train_00649.jpg,3
train_00650.jpg,3
train_00651.jpg,0
train_00652.jpg,3
train_00653.jpg,5
train_00654.jpg,5
train_00655.jpg,3
train_00656.jpg,0
train_00657.jpg,0
train_00658.jpg,0
train_00659.jpg,5
train_00660.jpg,0
train_00661.jpg,4
train_00662.jpg,1
train_00663.jpg,4
train_00664.jpg,0
train_00665.jpg,1
train_00666.jpg,0
train_00667.jpg,5
train_00668.jpg,0
train_00669.jpg,4
train_00670.jpg,4
train_00671.jpg,1
train_00672.jpg,5
train_00673.jpg,0
train_00674.jpg,0
train_00675.jpg,0
train_00676.jpg,4
train_00677.jpg,3
train_00678.jpg,3
train_00679.jpg,5
train_00680.jpg,3
train_00681.jpg,0
train_00682.jpg,0
train_00683.jpg,5
train_00684.jpg,5
train_00685.jpg,3
train_00686.jpg,5
train_00687.jpg,0
train_00688.jpg,4
train_00689.jpg,5
train_00690.jpg,1
train_00691.jpg,5
train_00692.jpg,2
train_00693.jpg,1
train_00694.jpg,1
train_00695.jpg,2
train_00696.jpg,1
train_00697.jpg,1
train_00698.jpg,3
train_00699.jpg,5
train_00700.jpg,3
train_00701.jpg,1
train_00702.jpg,4
train_00703.jpg,1
train_00704.jpg,5
train_00705.jpg,0
train_00706.jpg,0
train_00707.jpg,1
train_00708.jpg,5
train_00709.jpg,0
train_00710.jpg,0
train_00711.jpg,1
train_00712.jpg,0
train_00713.jpg,5
train_00714.jpg,5
train_00715.jpg,1
train_00716.jpg,5
train_00717.jpg,0
train_00718.jpg,1
train_00719.jpg,3
train_00720.jpg,3
train_00721.jpg,1
train_00722.jpg,4
train_00723.jpg,0
train_00724.jpg,5
train_00725.jpg,5
train_00726.jpg,5
train_00727.jpg,0
train_00728.jpg,1
train_00729.jpg,2
train_00730.jpg,0
train_00731.jpg,4
train_00732.jpg,5
train_00733.jpg,5
train_00734.jpg,4
train_00735.jpg,5
train_00736.jpg,5
train_00737.jpg,4
train_00738.jpg,3
train_00739.jpg,0
train_00740.jpg,0
train_00741.jpg,5
train_00742.jpg,5
train_00743.jpg,5
train_00744.jpg,4
train_00745.jpg,5
train_00746.jpg,0
train_00747.jpg,1
train_00748.jpg,0
train_00749.jpg,5
train_00750.jpg,4
train_00751.jpg,0
train_00752.jpg,1
train_00753.jpg,3
train_00754.jpg,5
train_00755.jpg,0
train_00756.jpg,4
train_00757.jpg,5
train_00758.jpg,0
train_00759.jpg,5
train_00760.jpg,0
train_00761.jpg,1
train_00762.jpg,5
train_00763.jpg,0
train_00764.jpg,3
train_00765.jpg,3
train_00766.jpg,5
train_00767.jpg,5
train_00768.jpg,0
train_00769.jpg,2
train_00770.jpg,4
train_00771.jpg,4
train_00772.jpg,1
train_00773.jpg,0
train_00774.jpg,5
train_00775.jpg,0
train_00776.jpg,3
train_00777.jpg,0
train_00778.jpg,4
train_00779.jpg,3
train_00780.jpg,5
train_00781.jpg,1
train_00782.jpg,3
train_00783.jpg,5
train_00784.jpg,0
train_00785.jpg,0
train_00786.jpg,0
train_00787.jpg,1
train_00788.jpg,5
train_00789.jpg,3
train_00790.jpg,3
train_00791.jpg,1
train_00792.jpg,1
train_00793.jpg,0
train_00794.jpg,5
train_00795.jpg,0
train_00796.jpg,0
train_00797.jpg,5
train_00798.jpg,3
train_00799.jpg,0
train_00800.jpg,2
train_00801.jpg,5
train_00802.jpg,0
train_00803.jpg,1
train_00804.jpg,4
train_00805.jpg,3
train_00806.jpg,5
train_00807.jpg,5
train_00808.jpg,5
train_00809.jpg,3
train_00810.jpg,5
train_00811.jpg,1
train_00812.jpg,0
train_00813.jpg,1
train_00814.jpg,5
train_00815.jpg,4
train_00816.jpg,1
train_00817.jpg,4
train_00818.jpg,0
train_00819.jpg,3
train_00820.jpg,1
train_00821.jpg,0
train_00822.jpg,0
train_00823.jpg,0
train_00824.jpg,1
train_00825.jpg,5
train_00826.jpg,4
train_00827.jpg,5
train_00828.jpg,1
train_00829.jpg,5
train_00830.jpg,5
train_00831.jpg,0
train_00832.jpg,0
train_00833.jpg,5
train_00834.jpg,0
train_00835.jpg,5
train_00836.jpg,3
train_00837.jpg,0
train_00838.jpg,2
train_00839.jpg,0
train_00840.jpg,0
train_00841.jpg,3
train_00842.jpg,5
train_00843.jpg,0
train_00844.jpg,1
train_00845.jpg,0
train_00846.jpg,4
train_00847.jpg,1
train_00848.jpg,0
train_00849.jpg,0
train_00850.jpg,5
train_00851.jpg,5
train_00852.jpg,4
train_00853.jpg,4
train_00854.jpg,1
train_00855.jpg,0
train_00856.jpg,0
train_00857.jpg,0
train_00858.jpg,5
train_00859.jpg,3
train_00860.jpg,0
train_00861.jpg,4
train_00862.jpg,5
train_00863.jpg,5
train_00864.jpg,1
train_00865.jpg,0
train_00866.jpg,5
train_00867.jpg,5
train_00868.jpg,5
train_00869.jpg,3
train_00870.jpg,5
train_00871.jpg,5
train_00872.jpg,4
train_00873.jpg,0
train_00874.jpg,0
train_00875.jpg,0
train_00876.jpg,0
train_00877.jpg,5
train_00878.jpg,0
train_00879.jpg,1
train_00880.jpg,0
train_00881.jpg,2
train_00882.jpg,3
train_00883.jpg,0
train_00884.jpg,0
train_00885.jpg,0
train_00886.jpg,4
train_00887.jpg,0
train_00888.jpg,5
train_00889.jpg,5
train_00890.jpg,2
train_00891.jpg,4
train_00892.jpg,0
train_00893.jpg,5
train_00894.jpg,1
train_00895.jpg,0
train_00896.jpg,3
train_00897.jpg,0
train_00898.jpg,1
train_00899.jpg,1
train_00900.jpg,5
train_00901.jpg,3
train_00902.jpg,5
train_00903.jpg,5
train_00904.jpg,1
train_00905.jpg,0
train_00906.jpg,0
train_00907.jpg,0
train_00908.jpg,1
train_00909.jpg,5
train_00910.jpg,3
train_00911.jpg,5
train_00912.jpg,5
train_00913.jpg,1
train_00914.jpg,5
train_00915.jpg,0
train_00916.jpg,0
train_00917.jpg,0
train_00918.jpg,5
train_00919.jpg,3
train_00920.jpg,0
train_00921.jpg,5
train_00922.jpg,0
train_00923.jpg,1
train_00924.jpg,5
train_00925.jpg,4
train_00926.jpg,5
train_00927.jpg,5
train_00928.jpg,0
train_00929.jpg,0
train_00930.jpg,1
train_00931.jpg,5
train_00932.jpg,3
train_00933.jpg,5
train_00934.jpg,5
train_00935.jpg,2
train_00936.jpg,1
train_00937.jpg,5
train_00938.jpg,2
train_00939.jpg,0
train_00940.jpg,3
train_00941.jpg,3
train_00942.jpg,0
train_00943.jpg,2
train_00944.jpg,1
train_00945.jpg,5
train_00946.jpg,5
train_00947.jpg,3
train_00948.jpg,5
train_00949.jpg,5
train_00950.jpg,0
train_00951.jpg,3
train_00952.jpg,4
train_00953.jpg,0
train_00954.jpg,1
train_00955.jpg,1
train_00956.jpg,3
train_00957.jpg,5
train_00958.jpg,5
train_00959.jpg,5
train_00960.jpg,1
train_00961.jpg,1
train_00962.jpg,2
train_00963.jpg,5
train_00964.jpg,0
train_00965.jpg,4
train_00966.jpg,0
train_00967.jpg,5
train_00968.jpg,5
train_00969.jpg,4
train_00970.jpg,4
train_00971.jpg,2
train_00972.jpg,5
train_00973.jpg,1
train_00974.jpg,3
train_00975.jpg,5
train_00976.jpg,0
train_00977.jpg,0
train_00978.jpg,1
train_00979.jpg,0
train_00980.jpg,5
train_00981.jpg,5
train_00982.jpg,1
train_00983.jpg,0
train_00984.jpg,2
train_00985.jpg,3
train_00986.jpg,4
train_00987.jpg,0
train_00988.jpg,5
train_00989.jpg,0
train_00990.jpg,0
train_00991.jpg,0
train_00992.jpg,3
train_00993.jpg,5
train_00994.jpg,5
train_00995.jpg,1
train_00996.jpg,0
train_00997.jpg,3
train_00998.jpg,0
train_00999.jpg,5
train_01000.jpg,0
train_01001.jpg,0
train_01002.jpg,5
train_01003.jpg,1
train_01004.jpg,3
train_01005.jpg,1
train_01006.jpg,2
train_01007.jpg,3
train_01008.jpg,1
train_01009.jpg,0
train_01010.jpg,3
train_01011.jpg,4
train_01012.jpg,5
train_01013.jpg,2
train_01014.jpg,3
train_01015.jpg,3
train_01016.jpg,1
train_01017.jpg,5
train_01018.jpg,0
train_01019.jpg,1
train_01020.jpg,1
train_01021.jpg,3
train_01022.jpg,0
train_01023.jpg,3
train_01024.jpg,1
train_01025.jpg,5
train_01026.jpg,5
train_01027.jpg,4
train_01028.jpg,5
train_01029.jpg,4
train_01030.jpg,4
train_01031.jpg,0
train_01032.jpg,0
train_01033.jpg,5
train_01034.jpg,1
train_01035.jpg,0
train_01036.jpg,2
train_01037.jpg,3
train_01038.jpg,1
train_01039.jpg,0
train_01040.jpg,5
train_01041.jpg,1
train_01042.jpg,0
train_01043.jpg,5
train_01044.jpg,0
train_01045.jpg,3
train_01046.jpg,1
train_01047.jpg,0
train_01048.jpg,3
train_01049.jpg,2
train_01050.jpg,0
train_01051.jpg,1
train_01052.jpg,5
train_01053.jpg,0
train_01054.jpg,0
train_01055.jpg,5
train_01056.jpg,3
train_01057.jpg,3
train_01058.jpg,3
train_01059.jpg,3
train_01060.jpg,1
train_01061.jpg,5
train_01062.jpg,3
train_01063.jpg,1
train_01064.jpg,0
train_01065.jpg,1
train_01066.jpg,4
train_01067.jpg,5
train_01068.jpg,0
train_01069.jpg,0
train_01070.jpg,1
train_01071.jpg,5
train_01072.jpg,3
train_01073.jpg,0
train_01074.jpg,1
train_01075.jpg,0
train_01076.jpg,0
train_01077.jpg,5
train_01078.jpg,5
train_01079.jpg,3
train_01080.jpg,5
train_01081.jpg,3
train_01082.jpg,3
train_01083.jpg,0
train_01084.jpg,1
train_01085.jpg,2
train_01086.jpg,1
train_01087.jpg,1
train_01088.jpg,5
train_01089.jpg,5
train_01090.jpg,1
train_01091.jpg,3
train_01092.jpg,2
train_01093.jpg,3
train_01094.jpg,1
train_01095.jpg,1
train_01096.jpg,0
train_01097.jpg,0
train_01098.jpg,1
train_01099.jpg,1
train_01100.jpg,4
train_01101.jpg,5
train_01102.jpg,0
train_01103.jpg,3
train_01104.jpg,1
train_01105.jpg,2
train_01106.jpg,3
train_01107.jpg,5
train_01108.jpg,3
train_01109.jpg,4
train_01110.jpg,5
train_01111.jpg,0
train_01112.jpg,1
train_01113.jpg,3
train_01114.jpg,4
train_01115.jpg,4
train_01116.jpg,0
train_01117.jpg,0
train_01118.jpg,5
train_01119.jpg,3
train_01120.jpg,1
train_01121.jpg,5
train_01122.jpg,4
train_01123.jpg,3
train_01124.jpg,0
train_01125.jpg,0
train_01126.jpg,1
train_01127.jpg,4
train_01128.jpg,5
train_01129.jpg,1
train_01130.jpg,1
train_01131.jpg,0
train_01132.jpg,4
train_01133.jpg,1
train_01134.jpg,3
train_01135.jpg,3
train_01136.jpg,0
train_01137.jpg,5
train_01138.jpg,0
train_01139.jpg,0
train_01140.jpg,4
train_01141.jpg,3
train_01142.jpg,5
train_01143.jpg,4
train_01144.jpg,0
train_01145.jpg,5
train_01146.jpg,3
train_01147.jpg,1
train_01148.jpg,3
train_01149.jpg,5
train_01150.jpg,5
train_01151.jpg,2
train_01152.jpg,1
train_01153.jpg,3
train_01154.jpg,5
train_01155.jpg,5
train_01156.jpg,5
train_01157.jpg,1
train_01158.jpg,0
train_01159.jpg,1
train_01160.jpg,3
train_01161.jpg,0
train_01162.jpg,1
train_01163.jpg,0
train_01164.jpg,5
train_01165.jpg,5
train_01166.jpg,5
train_01167.jpg,1
train_01168.jpg,4
train_01169.jpg,0
train_01170.jpg,2
train_01171.jpg,0
train_01172.jpg,5
train_01173.jpg,0
train_01174.jpg,1
train_01175.jpg,3
train_01176.jpg,1
train_01177.jpg,5
train_01178.jpg,1
train_01179.jpg,1
train_01180.jpg,0
train_01181.jpg,2
train_01182.jpg,1
train_01183.jpg,3
train_01184.jpg,3
train_01185.jpg,5
train_01186.jpg,0
train_01187.jpg,3
train_01188.jpg,5
train_01189.jpg,1
train_01190.jpg,0
train_01191.jpg,5
train_01192.jpg,2
train_01193.jpg,5
train_01194.jpg,5
train_01195.jpg,5
train_01196.jpg,0
train_01197.jpg,3
train_01198.jpg,0
train_01199.jpg,0
train_01200.jpg,1
train_01201.jpg,0
train_01202.jpg,5
train_01203.jpg,5
train_01204.jpg,1
train_01205.jpg,0
train_01206.jpg,1
train_01207.jpg,3
train_01208.jpg,5
train_01209.jpg,5
train_01210.jpg,5
train_01211.jpg,2
train_01212.jpg,3
train_01213.jpg,5
train_01214.jpg,5
train_01215.jpg,1
train_01216.jpg,1
train_01217.jpg,4
train_01218.jpg,3
train_01219.jpg,0
train_01220.jpg,1
train_01221.jpg,0
train_01222.jpg,0
train_01223.jpg,5
train_01224.jpg,0
train_01225.jpg,5
train_01226.jpg,0
train_01227.jpg,1
train_01228.jpg,1
train_01229.jpg,0
train_01230.jpg,4
train_01231.jpg,1
train_01232.jpg,3
train_01233.jpg,0
train_01234.jpg,3
train_01235.jpg,0
train_01236.jpg,5
train_01237.jpg,5
train_01238.jpg,5
train_01239.jpg,2
train_01240.jpg,3
train_01241.jpg,3
train_01242.jpg,1
train_01243.jpg,0
train_01244.jpg,0
train_01245.jpg,0
train_01246.jpg,0
train_01247.jpg,0
train_01248.jpg,1
train_01249.jpg,1
train_01250.jpg,1
train_01251.jpg,5
train_01252.jpg,5
train_01253.jpg,5
train_01254.jpg,5
train_01255.jpg,5
train_01256.jpg,1
train_01257.jpg,1
train_01258.jpg,0
train_01259.jpg,5
train_01260.jpg,0
train_01261.jpg,5
train_01262.jpg,1
train_01263.jpg,0
train_01264.jpg,3
train_01265.jpg,5
train_01266.jpg,5
train_01267.jpg,1
train_01268.jpg,5
train_01269.jpg,0
train_01270.jpg,5
train_01271.jpg,4
train_01272.jpg,1
train_01273.jpg,3
train_01274.jpg,0
train_01275.jpg,3
train_01276.jpg,3
train_01277.jpg,0
train_01278.jpg,4
train_01279.jpg,5
train_01280.jpg,2
train_01281.jpg,1
train_01282.jpg,3
train_01283.jpg,4
train_01284.jpg,3
train_01285.jpg,0
train_01286.jpg,0
train_01287.jpg,5
train_01288.jpg,0
train_01289.jpg,3
train_01290.jpg,1
train_01291.jpg,1
train_01292.jpg,4
train_01293.jpg,5
train_01294.jpg,1
train_01295.jpg,1
train_01296.jpg,0
train_01297.jpg,1
train_01298.jpg,0
train_01299.jpg,0
train_01300.jpg,5
train_01301.jpg,1
train_01302.jpg,1
train_01303.jpg,0
train_01304.jpg,5
train_01305.jpg,4
train_01306.jpg,5
train_01307.jpg,1
train_01308.jpg,1
train_01309.jpg,0
train_01310.jpg,4
train_01311.jpg,1
train_01312.jpg,4
train_01313.jpg,0
train_01314.jpg,3
train_01315.jpg,5
train_01316.jpg,3
train_01317.jpg,2
train_01318.jpg,0
train_01319.jpg,5
train_01320.jpg,1
train_01321.jpg,1
train_01322.jpg,5
train_01323.jpg,0
train_01324.jpg,0
train_01325.jpg,5
train_01326.jpg,0
train_01327.jpg,1
train_01328.jpg,4
train_01329.jpg,3
train_01330.jpg,2
train_01331.jpg,5
train_01332.jpg,4
train_01333.jpg,5
train_01334.jpg,1
train_01335.jpg,3
train_01336.jpg,0
train_01337.jpg,5
train_01338.jpg,0
train_01339.jpg,1
train_01340.jpg,1
train_01341.jpg,1
train_01342.jpg,4
train_01343.jpg,0
train_01344.jpg,5
train_01345.jpg,5
train_01346.jpg,1
train_01347.jpg,3
train_01348.jpg,3
train_01349.jpg,1
train_01350.jpg,0
train_01351.jpg,1
train_01352.jpg,0
train_01353.jpg,3
train_01354.jpg,4
train_01355.jpg,5
train_01356.jpg,4
train_01357.jpg,3
train_01358.jpg,1
train_01359.jpg,5
train_01360.jpg,5
train_01361.jpg,0
train_01362.jpg,0
train_01363.jpg,1
train_01364.jpg,1
train_01365.jpg,5
train_01366.jpg,0
train_01367.jpg,0
train_01368.jpg,1
train_01369.jpg,3
train_01370.jpg,1
train_01371.jpg,0
train_01372.jpg,3
train_01373.jpg,5
train_01374.jpg,3
train_01375.jpg,0
train_01376.jpg,0
train_01377.jpg,4
train_01378.jpg,4
train_01379.jpg,2
train_01380.jpg,5
train_01381.jpg,0
train_01382.jpg,0
train_01383.jpg,5
train_01384.jpg,0
train_01385.jpg,2
train_01386.jpg,5
train_01387.jpg,3
train_01388.jpg,4
train_01389.jpg,5
train_01390.jpg,0
train_01391.jpg,1
train_01392.jpg,0
train_01393.jpg,3
train_01394.jpg,3
train_01395.jpg,1
train_01396.jpg,0
train_01397.jpg,0
train_01398.jpg,4
train_01399.jpg,3
train_01400.jpg,0
train_01401.jpg,1
train_01402.jpg,3
train_01403.jpg,5
train_01404.jpg,5
train_01405.jpg,5
train_01406.jpg,0
train_01407.jpg,3
train_01408.jpg,0
train_01409.jpg,0
train_01410.jpg,5
train_01411.jpg,0
train_01412.jpg,5
train_01413.jpg,3
train_01414.jpg,5
train_01415.jpg,0
train_01416.jpg,5
train_01417.jpg,1
train_01418.jpg,3
train_01419.jpg,3
train_01420.jpg,1
train_01421.jpg,0
train_01422.jpg,3
train_01423.jpg,2
train_01424.jpg,0
train_01425.jpg,0
train_01426.jpg,1
train_01427.jpg,1
train_01428.jpg,5
train_01429.jpg,5
train_01430.jpg,1
train_01431.jpg,1
train_01432.jpg,0
train_01433.jpg,5
train_01434.jpg,0
train_01435.jpg,0
train_01436.jpg,0
train_01437.jpg,3
train_01438.jpg,1
train_01439.jpg,2
train_01440.jpg,1
train_01441.jpg,0
train_01442.jpg,4
train_01443.jpg,1
train_01444.jpg,4
train_01445.jpg,1
train_01446.jpg,0
train_01447.jpg,5
train_01448.jpg,3
train_01449.jpg,0
train_01450.jpg,5
train_01451.jpg,5
train_01452.jpg,0
train_01453.jpg,0
train_01454.jpg,5
train_01455.jpg,3
train_01456.jpg,1
train_01457.jpg,0
train_01458.jpg,1
train_01459.jpg,1
train_01460.jpg,5
train_01461.jpg,3
train_01462.jpg,3
train_01463.jpg,1
train_01464.jpg,1
train_01465.jpg,1
train_01466.jpg,1
train_01467.jpg,2
train_01468.jpg,4
train_01469.jpg,1
train_01470.jpg,3
train_01471.jpg,0
train_01472.jpg,5
train_01473.jpg,4
train_01474.jpg,4
train_01475.jpg,4
train_01476.jpg,4
train_01477.jpg,1
train_01478.jpg,3
train_01479.jpg,4
train_01480.jpg,1
train_01481.jpg,1
train_01482.jpg,1
train_01483.jpg,5
train_01484.jpg,3
train_01485.jpg,1
train_01486.jpg,4
train_01487.jpg,5
train_01488.jpg,5
train_01489.jpg,3
train_01490.jpg,5
train_01491.jpg,1
train_01492.jpg,0
train_01493.jpg,5
train_01494.jpg,0
train_01495.jpg,4
train_01496.jpg,3
train_01497.jpg,1
train_01498.jpg,1
train_01499.jpg,0
train_01500.jpg,5
train_01501.jpg,1
train_01502.jpg,0
train_01503.jpg,0
train_01504.jpg,0
train_01505.jpg,5
train_01506.jpg,5
train_01507.jpg,2
train_01508.jpg,0
train_01509.jpg,1
train_01510.jpg,4
train_01511.jpg,1
train_01512.jpg,4
train_01513.jpg,5
train_01514.jpg,0
train_01515.jpg,5
train_01516.jpg,5
train_01517.jpg,1
train_01518.jpg,2
train_01519.jpg,4
train_01520.jpg,5
train_01521.jpg,3
train_01522.jpg,1
train_01523.jpg,1
train_01524.jpg,3
train_01525.jpg,4
train_01526.jpg,5
train_01527.jpg,1
train_01528.jpg,5
train_01529.jpg,3
train_01530.jpg,3
train_01531.jpg,4
train_01532.jpg,1
train_01533.jpg,0
train_01534.jpg,3
train_01535.jpg,1
train_01536.jpg,1
train_01537.jpg,0
train_01538.jpg,5
train_01539.jpg,3
train_01540.jpg,3
train_01541.jpg,5
train_01542.jpg,5
train_01543.jpg,0
train_01544.jpg,4
train_01545.jpg,1
train_01546.jpg,3
train_01547.jpg,0
train_01548.jpg,0
train_01549.jpg,5
train_01550.jpg,0
train_01551.jpg,5
train_01552.jpg,5
train_01553.jpg,5
train_01554.jpg,1
train_01555.jpg,0
train_01556.jpg,5
train_01557.jpg,0
train_01558.jpg,5
train_01559.jpg,3
train_01560.jpg,1
train_01561.jpg,1
train_01562.jpg,4
train_01563.jpg,4
train_01564.jpg,0
train_01565.jpg,1
train_01566.jpg,0
train_01567.jpg,5
train_01568.jpg,0
train_01569.jpg,1
train_01570.jpg,5
train_01571.jpg,4
train_01572.jpg,0
train_01573.jpg,0
train_01574.jpg,5
train_01575.jpg,1
train_01576.jpg,1
train_01577.jpg,0
train_01578.jpg,5
train_01579.jpg,0
train_01580.jpg,2
train_01581.jpg,2
train_01582.jpg,5
train_01583.jpg,0
train_01584.jpg,0
train_01585.jpg,5
train_01586.jpg,4
train_01587.jpg,0
train_01588.jpg,1
train_01589.jpg,3
train_01590.jpg,5
train_01591.jpg,5
train_01592.jpg,0
train_01593.jpg,2
train_01594.jpg,1
train_01595.jpg,2
train_01596.jpg,0
train_01597.jpg,0
train_01598.jpg,2
train_01599.jpg,0
train_01600.jpg,0
train_01601.jpg,1
train_01602.jpg,0
train_01603.jpg,0
train_01604.jpg,0
train_01605.jpg,5
train_01606.jpg,1
train_01607.jpg,0
train_01608.jpg,3
train_01609.jpg,0
train_01610.jpg,3
train_01611.jpg,5
train_01612.jpg,5
train_01613.jpg,5
train_01614.jpg,5
train_01615.jpg,0
train_01616.jpg,0
train_01617.jpg,0
train_01618.jpg,5
train_01619.jpg,0
train_01620.jpg,0
train_01621.jpg,5
train_01622.jpg,0
train_01623.jpg,0
train_01624.jpg,1
train_01625.jpg,0
train_01626.jpg,5
train_01627.jpg,1
train_01628.jpg,0
train_01629.jpg,5
train_01630.jpg,5
train_01631.jpg,4
train_01632.jpg,0
train_01633.jpg,5
train_01634.jpg,5
train_01635.jpg,1
train_01636.jpg,5
train_01637.jpg,3
train_01638.jpg,5
train_01639.jpg,0
train_01640.jpg,3
train_01641.jpg,5
train_01642.jpg,0
train_01643.jpg,0
train_01644.jpg,0
train_01645.jpg,3
train_01646.jpg,3
train_01647.jpg,5
train_01648.jpg,5
train_01649.jpg,0
train_01650.jpg,1
train_01651.jpg,5
train_01652.jpg,5
train_01653.jpg,0
train_01654.jpg,5
train_01655.jpg,5
train_01656.jpg,1
train_01657.jpg,0
train_01658.jpg,3
train_01659.jpg,4
train_01660.jpg,1
train_01661.jpg,0
train_01662.jpg,5
train_01663.jpg,5
train_01664.jpg,0
train_01665.jpg,5
train_01666.jpg,0
train_01667.jpg,5
train_01668.jpg,0
train_01669.jpg,1
train_01670.jpg,0
train_01671.jpg,0
train_01672.jpg,1
train_01673.jpg,5
train_01674.jpg,5
train_01675.jpg,4
train_01676.jpg,1
train_01677.jpg,0
train_01678.jpg,5
train_01679.jpg,5
train_01680.jpg,2
train_01681.jpg,1
train_01682.jpg,0
train_01683.jpg,5
train_01684.jpg,1
train_01685.jpg,0
train_01686.jpg,3
train_01687.jpg,1
train_01688.jpg,5
train_01689.jpg,5
train_01690.jpg,5
train_01691.jpg,5
train_01692.jpg,4
train_01693.jpg,0
train_01694.jpg,4
train_01695.jpg,1
train_01696.jpg,0
train_01697.jpg,0
train_01698.jpg,4
train_01699.jpg,4
train_01700.jpg,5
train_01701.jpg,1
train_01702.jpg,3
train_01703.jpg,1
train_01704.jpg,5
train_01705.jpg,0
train_01706.jpg,5
train_01707.jpg,3
train_01708.jpg,1
train_01709.jpg,5
train_01710.jpg,4
train_01711.jpg,4
train_01712.jpg,3
train_01713.jpg,3
train_01714.jpg,2
train_01715.jpg,5
train_01716.jpg,3
train_01717.jpg,3
train_01718.jpg,5
train_01719.jpg,0
train_01720.jpg,3
train_01721.jpg,4
train_01722.jpg,5
train_01723.jpg,0
train_01724.jpg,5
train_01725.jpg,1
train_01726.jpg,2
train_01727.jpg,3
train_01728.jpg,5
train_01729.jpg,4
train_01730.jpg,0
train_01731.jpg,0
train_01732.jpg,0
train_01733.jpg,5
train_01734.jpg,3
train_01735.jpg,5
train_01736.jpg,1
train_01737.jpg,0
train_01738.jpg,1
train_01739.jpg,0
train_01740.jpg,2
train_01741.jpg,3
train_01742.jpg,5
train_01743.jpg,0
train_01744.jpg,5
train_01745.jpg,3
train_01746.jpg,5
train_01747.jpg,5
train_01748.jpg,0
train_01749.jpg,4
train_01750.jpg,3
train_01751.jpg,5
train_01752.jpg,5
train_01753.jpg,3
train_01754.jpg,3
train_01755.jpg,1
train_01756.jpg,0
train_01757.jpg,0
train_01758.jpg,1
train_01759.jpg,5
train_01760.jpg,1
train_01761.jpg,0
train_01762.jpg,5
train_01763.jpg,5
train_01764.jpg,3
train_01765.jpg,5
train_01766.jpg,5
train_01767.jpg,5
train_01768.jpg,5
train_01769.jpg,1
train_01770.jpg,0
train_01771.jpg,0
train_01772.jpg,4
train_01773.jpg,0
train_01774.jpg,3
train_01775.jpg,1
train_01776.jpg,5
train_01777.jpg,0
train_01778.jpg,1
train_01779.jpg,3
train_01780.jpg,0
train_01781.jpg,1
train_01782.jpg,5
train_01783.jpg,0
train_01784.jpg,5
train_01785.jpg,5
train_01786.jpg,5
train_01787.jpg,1
train_01788.jpg,4
train_01789.jpg,3
train_01790.jpg,1
train_01791.jpg,1
train_01792.jpg,0
train_01793.jpg,5
train_01794.jpg,5
train_01795.jpg,4
train_01796.jpg,4
train_01797.jpg,0
train_01798.jpg,0
train_01799.jpg,3
train_01800.jpg,3
train_01801.jpg,4
train_01802.jpg,2
train_01803.jpg,1
train_01804.jpg,1
train_01805.jpg,1
train_01806.jpg,0
train_01807.jpg,0
train_01808.jpg,2
train_01809.jpg,4
train_01810.jpg,0
train_01811.jpg,0
train_01812.jpg,0
train_01813.jpg,0
train_01814.jpg,1
train_01815.jpg,0
train_01816.jpg,3
train_01817.jpg,1
train_01818.jpg,1
train_01819.jpg,1
train_01820.jpg,5
train_01821.jpg,1
train_01822.jpg,0
train_01823.jpg,0
train_01824.jpg,0
train_01825.jpg,5
train_01826.jpg,4
train_01827.jpg,5
train_01828.jpg,3
train_01829.jpg,1
train_01830.jpg,3
train_01831.jpg,1
train_01832.jpg,1
train_01833.jpg,1
train_01834.jpg,3
train_01835.jpg,0
train_01836.jpg,3
train_01837.jpg,3
train_01838.jpg,5
train_01839.jpg,3
train_01840.jpg,0
train_01841.jpg,0
train_01842.jpg,0
train_01843.jpg,5
train_01844.jpg,2
train_01845.jpg,3
train_01846.jpg,5
train_01847.jpg,5
train_01848.jpg,5
train_01849.jpg,5
train_01850.jpg,5
train_01851.jpg,5
train_01852.jpg,0
train_01853.jpg,5
train_01854.jpg,3
train_01855.jpg,2
train_01856.jpg,3
train_01857.jpg,0
train_01858.jpg,1
train_01859.jpg,0
train_01860.jpg,0
train_01861.jpg,0
train_01862.jpg,4
train_01863.jpg,0
train_01864.jpg,0
train_01865.jpg,5
train_01866.jpg,5
train_01867.jpg,0
train_01868.jpg,5
train_01869.jpg,0
train_01870.jpg,2
train_01871.jpg,0
train_01872.jpg,0
train_01873.jpg,3
train_01874.jpg,1
train_01875.jpg,3
train_01876.jpg,4
train_01877.jpg,3
train_01878.jpg,2
train_01879.jpg,0
train_01880.jpg,5
train_01881.jpg,5
train_01882.jpg,4
train_01883.jpg,0
train_01884.jpg,5
train_01885.jpg,0
train_01886.jpg,1
train_01887.jpg,1
train_01888.jpg,4
train_01889.jpg,5
train_01890.jpg,1
train_01891.jpg,1
train_01892.jpg,5
train_01893.jpg,1
train_01894.jpg,5
train_01895.jpg,0
train_01896.jpg,3
train_01897.jpg,4
train_01898.jpg,3
train_01899.jpg,3
train_01900.jpg,1
train_01901.jpg,3
train_01902.jpg,5
train_01903.jpg,1
train_01904.jpg,0
train_01905.jpg,3
train_01906.jpg,0
train_01907.jpg,5
train_01908.jpg,1
train_01909.jpg,1
train_01910.jpg,3
train_01911.jpg,0
train_01912.jpg,3
train_01913.jpg,2
train_01914.jpg,1
train_01915.jpg,0
train_01916.jpg,0
train_01917.jpg,3
train_01918.jpg,1
train_01919.jpg,5
train_01920.jpg,5
train_01921.jpg,4
train_01922.jpg,0
train_01923.jpg,4
train_01924.jpg,4
train_01925.jpg,4
train_01926.jpg,0
train_01927.jpg,0
train_01928.jpg,4
train_01929.jpg,1
train_01930.jpg,0
train_01931.jpg,5
train_01932.jpg,0
train_01933.jpg,0
train_01934.jpg,1
train_01935.jpg,0
train_01936.jpg,0
train_01937.jpg,2
train_01938.jpg,0
train_01939.jpg,0
train_01940.jpg,5
train_01941.jpg,5
train_01942.jpg,0
train_01943.jpg,4
train_01944.jpg,3
train_01945.jpg,1
train_01946.jpg,0
train_01947.jpg,0
train_01948.jpg,3
train_01949.jpg,3
train_01950.jpg,1
train_01951.jpg,5
train_01952.jpg,0
train_01953.jpg,0
train_01954.jpg,3
train_01955.jpg,1
train_01956.jpg,0
train_01957.jpg,1
train_01958.jpg,5
train_01959.jpg,1
train_01960.jpg,5
train_01961.jpg,0
train_01962.jpg,5
train_01963.jpg,5
train_01964.jpg,3
train_01965.jpg,0
train_01966.jpg,1
train_01967.jpg,2
train_01968.jpg,3
train_01969.jpg,1
train_01970.jpg,5
train_01971.jpg,0
train_01972.jpg,2
train_01973.jpg,0
train_01974.jpg,1
train_01975.jpg,0
train_01976.jpg,5
train_01977.jpg,5
train_01978.jpg,0
train_01979.jpg,0
train_01980.jpg,5
train_01981.jpg,5
train_01982.jpg,0
train_01983.jpg,1
train_01984.jpg,5
train_01985.jpg,0
train_01986.jpg,5
train_01987.jpg,0
train_01988.jpg,5
train_01989.jpg,1
train_01990.jpg,3
train_01991.jpg,1
train_01992.jpg,0
train_01993.jpg,0
train_01994.jpg,5
train_01995.jpg,5
train_01996.jpg,3
train_01997.jpg,5
train_01998.jpg,5
train_01999.jpg,3
train_02000.jpg,3
train_02001.jpg,3
train_02002.jpg,5
train_02003.jpg,3
train_02004.jpg,5
train_02005.jpg,1
train_02006.jpg,2
train_02007.jpg,5
train_02008.jpg,3
train_02009.jpg,3
train_02010.jpg,3
train_02011.jpg,0
train_02012.jpg,0
train_02013.jpg,0
train_02014.jpg,0
train_02015.jpg,4
train_02016.jpg,0
train_02017.jpg,3
train_02018.jpg,0
train_02019.jpg,1
train_02020.jpg,1
train_02021.jpg,1
train_02022.jpg,0
train_02023.jpg,5
train_02024.jpg,5
train_02025.jpg,5
train_02026.jpg,0
train_02027.jpg,1
train_02028.jpg,4
train_02029.jpg,5
train_02030.jpg,5
train_02031.jpg,3
train_02032.jpg,1
train_02033.jpg,0
train_02034.jpg,5
train_02035.jpg,5
train_02036.jpg,0
train_02037.jpg,3
train_02038.jpg,3
train_02039.jpg,0
train_02040.jpg,1
train_02041.jpg,1
train_02042.jpg,5
train_02043.jpg,5
train_02044.jpg,1
train_02045.jpg,3
train_02046.jpg,1
train_02047.jpg,1
train_02048.jpg,5
train_02049.jpg,0
train_02050.jpg,4
train_02051.jpg,2
train_02052.jpg,5
train_02053.jpg,1
train_02054.jpg,0
train_02055.jpg,3
train_02056.jpg,0
train_02057.jpg,4
train_02058.jpg,5
train_02059.jpg,5
train_02060.jpg,4
train_02061.jpg,0
train_02062.jpg,3
train_02063.jpg,0
train_02064.jpg,0
train_02065.jpg,3
train_02066.jpg,1
train_02067.jpg,0
train_02068.jpg,0
train_02069.jpg,2
train_02070.jpg,5
train_02071.jpg,1
train_02072.jpg,1
train_02073.jpg,0
train_02074.jpg,5
train_02075.jpg,5
train_02076.jpg,5
train_02077.jpg,0
train_02078.jpg,5
train_02079.jpg,0
train_02080.jpg,0
train_02081.jpg,3
train_02082.jpg,2
train_02083.jpg,5
train_02084.jpg,4
train_02085.jpg,1
train_02086.jpg,0
train_02087.jpg,3
train_02088.jpg,0
train_02089.jpg,0
train_02090.jpg,0
train_02091.jpg,3
train_02092.jpg,3
train_02093.jpg,5
train_02094.jpg,5
train_02095.jpg,0
train_02096.jpg,3
train_02097.jpg,1
train_02098.jpg,1
train_02099.jpg,1
train_02100.jpg,3
train_02101.jpg,0
train_02102.jpg,0
train_02103.jpg,1
train_02104.jpg,4
train_02105.jpg,3
train_02106.jpg,5
train_02107.jpg,3
train_02108.jpg,0
train_02109.jpg,0
train_02110.jpg,3
train_02111.jpg,0
train_02112.jpg,0
train_02113.jpg,5
train_02114.jpg,1
train_02115.jpg,4
train_02116.jpg,1
train_02117.jpg,5
train_02118.jpg,1
train_02119.jpg,4
train_02120.jpg,0
train_02121.jpg,0
train_02122.jpg,5
train_02123.jpg,5
train_02124.jpg,0
train_02125.jpg,5
train_02126.jpg,5
train_02127.jpg,4
train_02128.jpg,0
train_02129.jpg,4
train_02130.jpg,0
train_02131.jpg,4
train_02132.jpg,5
train_02133.jpg,3
train_02134.jpg,5
train_02135.jpg,0
train_02136.jpg,0
train_02137.jpg,3
train_02138.jpg,0
train_02139.jpg,1
train_02140.jpg,1
train_02141.jpg,5
train_02142.jpg,1
train_02143.jpg,4
train_02144.jpg,1
train_02145.jpg,4
train_02146.jpg,1
train_02147.jpg,5
train_02148.jpg,2
train_02149.jpg,2
train_02150.jpg,3
train_02151.jpg,5
train_02152.jpg,1
train_02153.jpg,0
train_02154.jpg,3
train_02155.jpg,4
train_02156.jpg,5
train_02157.jpg,0
train_02158.jpg,5
train_02159.jpg,5
train_02160.jpg,1
train_02161.jpg,4
train_02162.jpg,3
train_02163.jpg,1
train_02164.jpg,0
train_02165.jpg,0
train_02166.jpg,1
train_02167.jpg,0
train_02168.jpg,4
train_02169.jpg,5
train_02170.jpg,5
train_02171.jpg,5
train_02172.jpg,4
train_02173.jpg,1
train_02174.jpg,1
train_02175.jpg,4
train_02176.jpg,5
train_02177.jpg,0
train_02178.jpg,2
train_02179.jpg,1
train_02180.jpg,1
train_02181.jpg,0
train_02182.jpg,5
train_02183.jpg,1
train_02184.jpg,2
train_02185.jpg,4
train_02186.jpg,0
train_02187.jpg,5
train_02188.jpg,3
train_02189.jpg,5
train_02190.jpg,5
train_02191.jpg,3
train_02192.jpg,0
train_02193.jpg,0
train_02194.jpg,5
train_02195.jpg,4
train_02196.jpg,0
train_02197.jpg,1
train_02198.jpg,3
train_02199.jpg,4
train_02200.jpg,5
train_02201.jpg,4
train_02202.jpg,0
train_02203.jpg,1
train_02204.jpg,5
train_02205.jpg,0
train_02206.jpg,0
train_02207.jpg,0
train_02208.jpg,1
train_02209.jpg,0
train_02210.jpg,3
train_02211.jpg,0
train_02212.jpg,3
train_02213.jpg,1
train_02214.jpg,4
train_02215.jpg,0
train_02216.jpg,1
train_02217.jpg,1
train_02218.jpg,5
train_02219.jpg,5
train_02220.jpg,3
train_02221.jpg,1
train_02222.jpg,0
train_02223.jpg,0
train_02224.jpg,0
train_02225.jpg,0
train_02226.jpg,0
train_02227.jpg,4
train_02228.jpg,3
train_02229.jpg,0
train_02230.jpg,0
train_02231.jpg,0
train_02232.jpg,4
train_02233.jpg,0
train_02234.jpg,5
train_02235.jpg,3
train_02236.jpg,5
train_02237.jpg,3
train_02238.jpg,1
train_02239.jpg,3
train_02240.jpg,3
train_02241.jpg,0
train_02242.jpg,1
train_02243.jpg,3
train_02244.jpg,0
train_02245.jpg,5
train_02246.jpg,1
train_02247.jpg,0
train_02248.jpg,4
train_02249.jpg,0
train_02250.jpg,3
train_02251.jpg,3
train_02252.jpg,1
train_02253.jpg,3
train_02254.jpg,5
train_02255.jpg,1
train_02256.jpg,0
train_02257.jpg,3
train_02258.jpg,1
train_02259.jpg,5
train_02260.jpg,5
train_02261.jpg,1
train_02262.jpg,0
train_02263.jpg,0
train_02264.jpg,5
train_02265.jpg,3
train_02266.jpg,0
train_02267.jpg,1
train_02268.jpg,3
train_02269.jpg,4
train_02270.jpg,3
train_02271.jpg,5
train_02272.jpg,5
train_02273.jpg,1
train_02274.jpg,1
train_02275.jpg,5
train_02276.jpg,1
train_02277.jpg,5
train_02278.jpg,5
train_02279.jpg,0
train_02280.jpg,5
train_02281.jpg,4
train_02282.jpg,1
train_02283.jpg,0
train_02284.jpg,0
train_02285.jpg,5
train_02286.jpg,5
train_02287.jpg,3
train_02288.jpg,0
train_02289.jpg,3
train_02290.jpg,4
train_02291.jpg,3
train_02292.jpg,1
train_02293.jpg,4
train_02294.jpg,4
train_02295.jpg,5
train_02296.jpg,1
train_02297.jpg,5
train_02298.jpg,0
train_02299.jpg,5
train_02300.jpg,3
train_02301.jpg,1
train_02302.jpg,4
train_02303.jpg,5
train_02304.jpg,1
train_02305.jpg,2
train_02306.jpg,2
train_02307.jpg,5
train_02308.jpg,2
train_02309.jpg,5
train_02310.jpg,4
train_02311.jpg,5
train_02312.jpg,4
train_02313.jpg,0
train_02314.jpg,5
train_02315.jpg,5
train_02316.jpg,1
train_02317.jpg,0
train_02318.jpg,0
train_02319.jpg,2
train_02320.jpg,0
train_02321.jpg,1
train_02322.jpg,1
train_02323.jpg,4
train_02324.jpg,3
train_02325.jpg,0
train_02326.jpg,0
train_02327.jpg,5
train_02328.jpg,0
train_02329.jpg,5
train_02330.jpg,5
train_02331.jpg,5
train_02332.jpg,0
train_02333.jpg,5
train_02334.jpg,1
train_02335.jpg,5
train_02336.jpg,0
train_02337.jpg,3
train_02338.jpg,1
train_02339.jpg,5
train_02340.jpg,0
train_02341.jpg,5
train_02342.jpg,0
train_02343.jpg,1
train_02344.jpg,3
train_02345.jpg,1
train_02346.jpg,1
train_02347.jpg,0
train_02348.jpg,0
train_02349.jpg,3
train_02350.jpg,3
train_02351.jpg,1
train_02352.jpg,0
train_02353.jpg,1
train_02354.jpg,4
train_02355.jpg,1
train_02356.jpg,1
train_02357.jpg,3
train_02358.jpg,2
train_02359.jpg,5
train_02360.jpg,1
train_02361.jpg,5
train_02362.jpg,0
train_02363.jpg,0
train_02364.jpg,4
train_02365.jpg,1
train_02366.jpg,3
train_02367.jpg,0
train_02368.jpg,1
train_02369.jpg,5
train_02370.jpg,4
train_02371.jpg,1
train_02372.jpg,3
train_02373.jpg,4
train_02374.jpg,1
train_02375.jpg,5
train_02376.jpg,0
train_02377.jpg,1
train_02378.jpg,1
train_02379.jpg,1
train_02380.jpg,0
train_02381.jpg,1
train_02382.jpg,5
train_02383.jpg,0
train_02384.jpg,0
train_02385.jpg,4
train_02386.jpg,4
train_02387.jpg,2
train_02388.jpg,4
train_02389.jpg,1
train_02390.jpg,4
train_02391.jpg,1
train_02392.jpg,3
train_02393.jpg,3
train_02394.jpg,1
train_02395.jpg,2
train_02396.jpg,5
train_02397.jpg,5
train_02398.jpg,0
train_02399.jpg,5
train_02400.jpg,3
train_02401.jpg,3
train_02402.jpg,0
train_02403.jpg,0
train_02404.jpg,5
train_02405.jpg,5
train_02406.jpg,4
train_02407.jpg,5
train_02408.jpg,2
train_02409.jpg,1
train_02410.jpg,0
train_02411.jpg,1
train_02412.jpg,1
train_02413.jpg,0
train_02414.jpg,4
train_02415.jpg,5
train_02416.jpg,0
train_02417.jpg,5
train_02418.jpg,3
train_02419.jpg,0
train_02420.jpg,4
train_02421.jpg,0
train_02422.jpg,3
train_02423.jpg,5
train_02424.jpg,5
train_02425.jpg,5
train_02426.jpg,5
train_02427.jpg,3
train_02428.jpg,5
train_02429.jpg,3
train_02430.jpg,5
train_02431.jpg,5
train_02432.jpg,4
train_02433.jpg,2
train_02434.jpg,0
train_02435.jpg,5
train_02436.jpg,1
train_02437.jpg,5
train_02438.jpg,0
train_02439.jpg,5
train_02440.jpg,2
train_02441.jpg,5
train_02442.jpg,1
train_02443.jpg,5
train_02444.jpg,3
train_02445.jpg,0
train_02446.jpg,1
train_02447.jpg,0
train_02448.jpg,5
train_02449.jpg,3
train_02450.jpg,1
train_02451.jpg,5
train_02452.jpg,5
train_02453.jpg,5
train_02454.jpg,5
train_02455.jpg,3
train_02456.jpg,3
train_02457.jpg,3
train_02458.jpg,4
train_02459.jpg,3
train_02460.jpg,2
train_02461.jpg,0
train_02462.jpg,5
train_02463.jpg,0
train_02464.jpg,3
train_02465.jpg,5
train_02466.jpg,5
train_02467.jpg,1
train_02468.jpg,5
train_02469.jpg,2
train_02470.jpg,5
train_02471.jpg,3
train_02472.jpg,0
train_02473.jpg,5
train_02474.jpg,3
train_02475.jpg,0
train_02476.jpg,5
train_02477.jpg,5
train_02478.jpg,1
train_02479.jpg,1
train_02480.jpg,0
train_02481.jpg,0
train_02482.jpg,1
train_02483.jpg,5
train_02484.jpg,0
train_02485.jpg,5
train_02486.jpg,4
train_02487.jpg,1
train_02488.jpg,5
train_02489.jpg,5
train_02490.jpg,5
train_02491.jpg,5
train_02492.jpg,4
train_02493.jpg,4
train_02494.jpg,3
train_02495.jpg,0
train_02496.jpg,5
train_02497.jpg,5
train_02498.jpg,5
train_02499.jpg,5
train_02500.jpg,4
train_02501.jpg,0
train_02502.jpg,5
train_02503.jpg,4
train_02504.jpg,5
train_02505.jpg,0
train_02506.jpg,3
train_02507.jpg,3
train_02508.jpg,5
train_02509.jpg,0
train_02510.jpg,1
train_02511.jpg,0
train_02512.jpg,0
train_02513.jpg,0
train_02514.jpg,5
train_02515.jpg,2
train_02516.jpg,3
train_02517.jpg,0
train_02518.jpg,3
train_02519.jpg,1
train_02520.jpg,3
train_02521.jpg,1
train_02522.jpg,1
train_02523.jpg,0
train_02524.jpg,0
train_02525.jpg,3
train_02526.jpg,0
train_02527.jpg,5
train_02528.jpg,5
train_02529.jpg,5
train_02530.jpg,0
train_02531.jpg,0
train_02532.jpg,0
train_02533.jpg,1
train_02534.jpg,0
train_02535.jpg,0
train_02536.jpg,0
train_02537.jpg,3
train_02538.jpg,1
train_02539.jpg,5
train_02540.jpg,4
train_02541.jpg,1
train_02542.jpg,5
train_02543.jpg,4
train_02544.jpg,3
train_02545.jpg,5
train_02546.jpg,0
train_02547.jpg,3
train_02548.jpg,0
train_02549.jpg,3
train_02550.jpg,1
train_02551.jpg,0
train_02552.jpg,1
train_02553.jpg,4
train_02554.jpg,0
train_02555.jpg,3
train_02556.jpg,0
train_02557.jpg,0
train_02558.jpg,0
train_02559.jpg,1
train_02560.jpg,5
train_02561.jpg,1
train_02562.jpg,5
train_02563.jpg,1
train_02564.jpg,1
train_02565.jpg,3
train_02566.jpg,5
train_02567.jpg,0
train_02568.jpg,1
train_02569.jpg,5
train_02570.jpg,0
train_02571.jpg,1
train_02572.jpg,5
train_02573.jpg,0
train_02574.jpg,5
train_02575.jpg,0
train_02576.jpg,5
train_02577.jpg,4
train_02578.jpg,5
train_02579.jpg,3
train_02580.jpg,5
train_02581.jpg,5
train_02582.jpg,3
train_02583.jpg,3
train_02584.jpg,3
train_02585.jpg,5
train_02586.jpg,0
train_02587.jpg,3
train_02588.jpg,3
train_02589.jpg,0
train_02590.jpg,5
train_02591.jpg,5
train_02592.jpg,1
train_02593.jpg,0
train_02594.jpg,5
train_02595.jpg,0
train_02596.jpg,0
train_02597.jpg,5
train_02598.jpg,1
train_02599.jpg,2
train_02600.jpg,1
train_02601.jpg,3
train_02602.jpg,5
train_02603.jpg,4
train_02604.jpg,4
train_02605.jpg,5
train_02606.jpg,1
train_02607.jpg,0
train_02608.jpg,0
train_02609.jpg,3
train_02610.jpg,5
train_02611.jpg,5
train_02612.jpg,0
train_02613.jpg,1
train_02614.jpg,5
train_02615.jpg,3
train_02616.jpg,0
train_02617.jpg,5
train_02618.jpg,0
train_02619.jpg,5
train_02620.jpg,0
train_02621.jpg,5
train_02622.jpg,4
train_02623.jpg,0
train_02624.jpg,0
train_02625.jpg,5
train_02626.jpg,0
train_02627.jpg,0
train_02628.jpg,5
train_02629.jpg,2
train_02630.jpg,0
train_02631.jpg,1
train_02632.jpg,5
train_02633.jpg,0
train_02634.jpg,5
train_02635.jpg,3
train_02636.jpg,5
train_02637.jpg,5
train_02638.jpg,0
train_02639.jpg,5
train_02640.jpg,3
train_02641.jpg,5
train_02642.jpg,3
train_02643.jpg,5
train_02644.jpg,3
train_02645.jpg,1
train_02646.jpg,5
train_02647.jpg,4
train_02648.jpg,5
train_02649.jpg,2
train_02650.jpg,5
train_02651.jpg,1
train_02652.jpg,1
train_02653.jpg,0
train_02654.jpg,5
train_02655.jpg,5
train_02656.jpg,0
train_02657.jpg,3
train_02658.jpg,1
train_02659.jpg,1
train_02660.jpg,1
train_02661.jpg,4
train_02662.jpg,5
train_02663.jpg,5
train_02664.jpg,0
train_02665.jpg,5
train_02666.jpg,3
train_02667.jpg,5
train_02668.jpg,3
train_02669.jpg,0
train_02670.jpg,0
train_02671.jpg,1
train_02672.jpg,3
train_02673.jpg,1
train_02674.jpg,4
train_02675.jpg,1
train_02676.jpg,4
train_02677.jpg,3
train_02678.jpg,1
train_02679.jpg,1
train_02680.jpg,3
train_02681.jpg,1
train_02682.jpg,5
train_02683.jpg,1
train_02684.jpg,5
train_02685.jpg,5
train_02686.jpg,0
train_02687.jpg,3
train_02688.jpg,0
train_02689.jpg,4
train_02690.jpg,0
train_02691.jpg,5
train_02692.jpg,0
train_02693.jpg,0
train_02694.jpg,0
train_02695.jpg,3
train_02696.jpg,5
train_02697.jpg,0
train_02698.jpg,1
train_02699.jpg,5
train_02700.jpg,5
train_02701.jpg,4
train_02702.jpg,1
train_02703.jpg,1
train_02704.jpg,1
train_02705.jpg,4
train_02706.jpg,5
train_02707.jpg,3
train_02708.jpg,0
train_02709.jpg,5
train_02710.jpg,4
train_02711.jpg,0
train_02712.jpg,2
train_02713.jpg,1
train_02714.jpg,0
train_02715.jpg,0
train_02716.jpg,0
train_02717.jpg,0
train_02718.jpg,5
train_02719.jpg,5
train_02720.jpg,0
train_02721.jpg,5
train_02722.jpg,0
train_02723.jpg,0
train_02724.jpg,0
train_02725.jpg,0
train_02726.jpg,5
train_02727.jpg,5
train_02728.jpg,3
train_02729.jpg,1
train_02730.jpg,1
train_02731.jpg,5
train_02732.jpg,3
train_02733.jpg,4
train_02734.jpg,3
train_02735.jpg,5
train_02736.jpg,4
train_02737.jpg,0
train_02738.jpg,3
train_02739.jpg,1
train_02740.jpg,0
train_02741.jpg,0
train_02742.jpg,5
train_02743.jpg,5
train_02744.jpg,0
train_02745.jpg,0
train_02746.jpg,0
train_02747.jpg,2
train_02748.jpg,0
train_02749.jpg,5
train_02750.jpg,2
train_02751.jpg,4
train_02752.jpg,1
train_02753.jpg,0
train_02754.jpg,0
train_02755.jpg,1
train_02756.jpg,3
train_02757.jpg,0
train_02758.jpg,0
train_02759.jpg,2
train_02760.jpg,0
train_02761.jpg,1
train_02762.jpg,0
train_02763.jpg,3
train_02764.jpg,1
train_02765.jpg,1
train_02766.jpg,0
train_02767.jpg,1
train_02768.jpg,0
train_02769.jpg,1
train_02770.jpg,4
train_02771.jpg,5
train_02772.jpg,1
train_02773.jpg,0
train_02774.jpg,4
train_02775.jpg,1
train_02776.jpg,3
train_02777.jpg,0
train_02778.jpg,5
train_02779.jpg,0
train_02780.jpg,2
train_02781.jpg,2
train_02782.jpg,0
train_02783.jpg,1
train_02784.jpg,3
train_02785.jpg,0
train_02786.jpg,0
train_02787.jpg,1
train_02788.jpg,3
train_02789.jpg,5
train_02790.jpg,0
train_02791.jpg,1
train_02792.jpg,5
train_02793.jpg,4
train_02794.jpg,2
train_02795.jpg,5
train_02796.jpg,3
train_02797.jpg,0
train_02798.jpg,5
train_02799.jpg,5
train_02800.jpg,1
train_02801.jpg,1
train_02802.jpg,1
train_02803.jpg,4
train_02804.jpg,0
train_02805.jpg,0
train_02806.jpg,1
train_02807.jpg,0
train_02808.jpg,5
train_02809.jpg,5
train_02810.jpg,0
train_02811.jpg,5
train_02812.jpg,0
train_02813.jpg,5
train_02814.jpg,1
train_02815.jpg,5
train_02816.jpg,4
train_02817.jpg,0
train_02818.jpg,5
train_02819.jpg,1
train_02820.jpg,5
train_02821.jpg,4
train_02822.jpg,1
train_02823.jpg,4
train_02824.jpg,2
train_02825.jpg,0
train_02826.jpg,5
train_02827.jpg,1
train_02828.jpg,5
train_02829.jpg,3
train_02830.jpg,5
train_02831.jpg,0
train_02832.jpg,0
train_02833.jpg,4
train_02834.jpg,0
train_02835.jpg,5
train_02836.jpg,1
train_02837.jpg,0
train_02838.jpg,1
train_02839.jpg,1
train_02840.jpg,1
train_02841.jpg,3
train_02842.jpg,5
train_02843.jpg,0
train_02844.jpg,4
train_02845.jpg,0
train_02846.jpg,1
train_02847.jpg,3
train_02848.jpg,3
train_02849.jpg,1
train_02850.jpg,5
train_02851.jpg,3
train_02852.jpg,0
train_02853.jpg,0
train_02854.jpg,2
train_02855.jpg,0
train_02856.jpg,1
train_02857.jpg,5
train_02858.jpg,5
train_02859.jpg,4
train_02860.jpg,0
train_02861.jpg,0
train_02862.jpg,2
train_02863.jpg,5
train_02864.jpg,0
train_02865.jpg,0
train_02866.jpg,4
train_02867.jpg,0
train_02868.jpg,5
train_02869.jpg,0
train_02870.jpg,0
train_02871.jpg,1
train_02872.jpg,3
train_02873.jpg,1
train_02874.jpg,2
train_02875.jpg,3
train_02876.jpg,5
train_02877.jpg,5
train_02878.jpg,0
train_02879.jpg,4
train_02880.jpg,1
train_02881.jpg,5
train_02882.jpg,5
train_02883.jpg,0
train_02884.jpg,3
train_02885.jpg,0
train_02886.jpg,1
train_02887.jpg,3
train_02888.jpg,5
train_02889.jpg,1
train_02890.jpg,5
train_02891.jpg,1
train_02892.jpg,0
train_02893.jpg,3
train_02894.jpg,0
train_02895.jpg,1
train_02896.jpg,2
train_02897.jpg,0
train_02898.jpg,5
train_02899.jpg,4
train_02900.jpg,1
train_02901.jpg,4
train_02902.jpg,5
train_02903.jpg,0
train_02904.jpg,3
train_02905.jpg,5
train_02906.jpg,5
train_02907.jpg,5
train_02908.jpg,1
train_02909.jpg,4
train_02910.jpg,5
train_02911.jpg,1
train_02912.jpg,5
train_02913.jpg,0
train_02914.jpg,1
train_02915.jpg,5
train_02916.jpg,0
train_02917.jpg,1
train_02918.jpg,0
train_02919.jpg,4
train_02920.jpg,4
train_02921.jpg,3
train_02922.jpg,1
train_02923.jpg,0
train_02924.jpg,1
train_02925.jpg,1
train_02926.jpg,3
train_02927.jpg,0
train_02928.jpg,3
train_02929.jpg,5
train_02930.jpg,5
train_02931.jpg,0
train_02932.jpg,5
train_02933.jpg,5
train_02934.jpg,5
train_02935.jpg,1
train_02936.jpg,5
train_02937.jpg,5
train_02938.jpg,5
train_02939.jpg,0
train_02940.jpg,1
train_02941.jpg,0
train_02942.jpg,0
train_02943.jpg,0
train_02944.jpg,5
train_02945.jpg,1
train_02946.jpg,0
train_02947.jpg,1
train_02948.jpg,5
train_02949.jpg,5
train_02950.jpg,2
train_02951.jpg,1
train_02952.jpg,0
train_02953.jpg,1
train_02954.jpg,1
train_02955.jpg,0
train_02956.jpg,5
train_02957.jpg,5
train_02958.jpg,1
train_02959.jpg,4
train_02960.jpg,0
train_02961.jpg,5
train_02962.jpg,0
train_02963.jpg,3
train_02964.jpg,1
train_02965.jpg,3
train_02966.jpg,5
train_02967.jpg,5
train_02968.jpg,5
train_02969.jpg,0
train_02970.jpg,4
train_02971.jpg,5
train_02972.jpg,3
train_02973.jpg,1
train_02974.jpg,5
train_02975.jpg,5
train_02976.jpg,0
train_02977.jpg,5
train_02978.jpg,0
train_02979.jpg,0
train_02980.jpg,2
train_02981.jpg,1
train_02982.jpg,4
train_02983.jpg,1
train_02984.jpg,1
train_02985.jpg,3
train_02986.jpg,0
train_02987.jpg,0
train_02988.jpg,3
train_02989.jpg,5
train_02990.jpg,4
train_02991.jpg,5
train_02992.jpg,0
train_02993.jpg,3
train_02994.jpg,1
train_02995.jpg,5
train_02996.jpg,4
train_02997.jpg,1
train_02998.jpg,3
train_02999.jpg,0
train_03000.jpg,0
train_03001.jpg,3
train_03002.jpg,1
train_03003.jpg,5
train_03004.jpg,3
train_03005.jpg,3
train_03006.jpg,3
train_03007.jpg,0
train_03008.jpg,1
train_03009.jpg,5
train_03010.jpg,4
train_03011.jpg,0
train_03012.jpg,5
train_03013.jpg,2
train_03014.jpg,3
train_03015.jpg,1
train_03016.jpg,3
train_03017.jpg,3
train_03018.jpg,1
train_03019.jpg,1
train_03020.jpg,1
train_03021.jpg,4
train_03022.jpg,3
train_03023.jpg,5
train_03024.jpg,5
train_03025.jpg,3
train_03026.jpg,5
train_03027.jpg,4
train_03028.jpg,1
train_03029.jpg,0
train_03030.jpg,1
train_03031.jpg,0
train_03032.jpg,1
train_03033.jpg,5
train_03034.jpg,2
train_03035.jpg,3
train_03036.jpg,0
train_03037.jpg,1
train_03038.jpg,5
train_03039.jpg,1
train_03040.jpg,0
train_03041.jpg,3
train_03042.jpg,0
train_03043.jpg,5
train_03044.jpg,0
train_03045.jpg,3
train_03046.jpg,2
train_03047.jpg,1
train_03048.jpg,5
train_03049.jpg,0
train_03050.jpg,4
train_03051.jpg,4
train_03052.jpg,5
train_03053.jpg,5
train_03054.jpg,0
train_03055.jpg,1
train_03056.jpg,1
train_03057.jpg,5
train_03058.jpg,0
train_03059.jpg,0
train_03060.jpg,5
train_03061.jpg,1
train_03062.jpg,3
train_03063.jpg,5
train_03064.jpg,1
train_03065.jpg,3
train_03066.jpg,5
train_03067.jpg,0
train_03068.jpg,5
train_03069.jpg,5
train_03070.jpg,4
train_03071.jpg,0
train_03072.jpg,0
train_03073.jpg,5
train_03074.jpg,2
train_03075.jpg,0
train_03076.jpg,0
train_03077.jpg,5
train_03078.jpg,0
train_03079.jpg,0
train_03080.jpg,3
train_03081.jpg,5
train_03082.jpg,4
train_03083.jpg,5
train_03084.jpg,1
train_03085.jpg,0
train_03086.jpg,0
train_03087.jpg,0
train_03088.jpg,0
train_03089.jpg,0
train_03090.jpg,3
train_03091.jpg,1
train_03092.jpg,5
train_03093.jpg,0
train_03094.jpg,1
train_03095.jpg,4
train_03096.jpg,0
train_03097.jpg,1
train_03098.jpg,0
train_03099.jpg,3
train_03100.jpg,1
train_03101.jpg,5
train_03102.jpg,5
train_03103.jpg,5
train_03104.jpg,0
train_03105.jpg,3
train_03106.jpg,5
train_03107.jpg,3
train_03108.jpg,5
train_03109.jpg,0
train_03110.jpg,1
train_03111.jpg,3
train_03112.jpg,5
train_03113.jpg,3
train_03114.jpg,0
train_03115.jpg,0
train_03116.jpg,1
train_03117.jpg,3
train_03118.jpg,0
train_03119.jpg,5
train_03120.jpg,2
train_03121.jpg,5
train_03122.jpg,0
train_03123.jpg,3
train_03124.jpg,2
train_03125.jpg,0
train_03126.jpg,1
train_03127.jpg,2
train_03128.jpg,0
train_03129.jpg,0
train_03130.jpg,4
train_03131.jpg,4
train_03132.jpg,5
train_03133.jpg,1
train_03134.jpg,0
train_03135.jpg,3
train_03136.jpg,3
train_03137.jpg,0
train_03138.jpg,4
train_03139.jpg,1
train_03140.jpg,1
train_03141.jpg,4
train_03142.jpg,5
train_03143.jpg,0
train_03144.jpg,0
train_03145.jpg,3
train_03146.jpg,5
train_03147.jpg,0
train_03148.jpg,1
train_03149.jpg,0
train_03150.jpg,0
train_03151.jpg,3
train_03152.jpg,0
train_03153.jpg,4
train_03154.jpg,1
train_03155.jpg,4
train_03156.jpg,5
train_03157.jpg,5
train_03158.jpg,0
train_03159.jpg,5
train_03160.jpg,0
train_03161.jpg,1
train_03162.jpg,5
train_03163.jpg,3
train_03164.jpg,0
train_03165.jpg,3
train_03166.jpg,3
train_03167.jpg,4
train_03168.jpg,3
train_03169.jpg,3
train_03170.jpg,1
train_03171.jpg,5
train_03172.jpg,1
train_03173.jpg,0
train_03174.jpg,0
train_03175.jpg,0
train_03176.jpg,5
train_03177.jpg,3
train_03178.jpg,0
train_03179.jpg,5
train_03180.jpg,0
train_03181.jpg,5
train_03182.jpg,1
train_03183.jpg,3
train_03184.jpg,2
train_03185.jpg,5
train_03186.jpg,1
train_03187.jpg,5
train_03188.jpg,1
train_03189.jpg,1
train_03190.jpg,0
train_03191.jpg,5
train_03192.jpg,1
train_03193.jpg,1
train_03194.jpg,5
train_03195.jpg,1
train_03196.jpg,3
train_03197.jpg,0
train_03198.jpg,4
train_03199.jpg,3
train_03200.jpg,1
train_03201.jpg,0
train_03202.jpg,5
train_03203.jpg,0
train_03204.jpg,5
train_03205.jpg,0
train_03206.jpg,4
train_03207.jpg,1
train_03208.jpg,3
train_03209.jpg,4
train_03210.jpg,4
train_03211.jpg,4
train_03212.jpg,1
train_03213.jpg,0
train_03214.jpg,5
train_03215.jpg,0
train_03216.jpg,0
train_03217.jpg,3
train_03218.jpg,4
train_03219.jpg,0
train_03220.jpg,0
train_03221.jpg,0
train_03222.jpg,5
train_03223.jpg,5
train_03224.jpg,0
train_03225.jpg,5
train_03226.jpg,3
train_03227.jpg,4
train_03228.jpg,1
train_03229.jpg,0
train_03230.jpg,0
train_03231.jpg,5
train_03232.jpg,5
train_03233.jpg,3
train_03234.jpg,1
train_03235.jpg,3
train_03236.jpg,5
train_03237.jpg,5
train_03238.jpg,5
train_03239.jpg,3
train_03240.jpg,5
train_03241.jpg,0
train_03242.jpg,5
train_03243.jpg,5
train_03244.jpg,3
train_03245.jpg,2
train_03246.jpg,1
train_03247.jpg,3
train_03248.jpg,4
train_03249.jpg,1
train_03250.jpg,4
train_03251.jpg,5
train_03252.jpg,5
train_03253.jpg,1
train_03254.jpg,5
train_03255.jpg,3
train_03256.jpg,0
train_03257.jpg,5
train_03258.jpg,0
train_03259.jpg,1
train_03260.jpg,3
train_03261.jpg,4
train_03262.jpg,5
train_03263.jpg,5
train_03264.jpg,4
train_03265.jpg,3
train_03266.jpg,0
train_03267.jpg,5
train_03268.jpg,0
train_03269.jpg,0
train_03270.jpg,1
train_03271.jpg,1
train_03272.jpg,0
train_03273.jpg,4
train_03274.jpg,5
train_03275.jpg,5
train_03276.jpg,0
train_03277.jpg,0
train_03278.jpg,1
train_03279.jpg,0
train_03280.jpg,5
train_03281.jpg,3
train_03282.jpg,0
train_03283.jpg,0
train_03284.jpg,1
train_03285.jpg,5
train_03286.jpg,5
train_03287.jpg,0
train_03288.jpg,5
train_03289.jpg,4
train_03290.jpg,0
train_03291.jpg,5
train_03292.jpg,0
train_03293.jpg,5
train_03294.jpg,4
train_03295.jpg,2
train_03296.jpg,5
train_03297.jpg,3
train_03298.jpg,0
train_03299.jpg,0
train_03300.jpg,1
train_03301.jpg,0
train_03302.jpg,5
train_03303.jpg,3
train_03304.jpg,0
train_03305.jpg,1
train_03306.jpg,0
train_03307.jpg,3
train_03308.jpg,3
train_03309.jpg,5
train_03310.jpg,1
train_03311.jpg,3
train_03312.jpg,4
train_03313.jpg,0
train_03314.jpg,5
train_03315.jpg,0
train_03316.jpg,5
train_03317.jpg,4
train_03318.jpg,3
train_03319.jpg,5
train_03320.jpg,3
train_03321.jpg,5
train_03322.jpg,0
train_03323.jpg,0
train_03324.jpg,4
train_03325.jpg,1
train_03326.jpg,3
train_03327.jpg,5
train_03328.jpg,5
train_03329.jpg,5
train_03330.jpg,3
train_03331.jpg,5
train_03332.jpg,1
train_03333.jpg,0
train_03334.jpg,3
train_03335.jpg,3
train_03336.jpg,0
train_03337.jpg,0
train_03338.jpg,3
train_03339.jpg,1
train_03340.jpg,5
train_03341.jpg,4
train_03342.jpg,0
train_03343.jpg,5
train_03344.jpg,5
train_03345.jpg,4
train_03346.jpg,0
train_03347.jpg,1
train_03348.jpg,1
train_03349.jpg,0
train_03350.jpg,1
train_03351.jpg,5
train_03352.jpg,5
train_03353.jpg,0
train_03354.jpg,5
train_03355.jpg,0
train_03356.jpg,1
train_03357.jpg,1
train_03358.jpg,3
train_03359.jpg,1
train_03360.jpg,0
train_03361.jpg,0
train_03362.jpg,0
train_03363.jpg,0
train_03364.jpg,1
train_03365.jpg,3
train_03366.jpg,0
train_03367.jpg,1
train_03368.jpg,5
train_03369.jpg,1
train_03370.jpg,0
train_03371.jpg,0
train_03372.jpg,1
train_03373.jpg,5
train_03374.jpg,3
train_03375.jpg,1
train_03376.jpg,5
train_03377.jpg,0
train_03378.jpg,1
train_03379.jpg,1
train_03380.jpg,4
train_03381.jpg,3
train_03382.jpg,4
train_03383.jpg,5
train_03384.jpg,0
train_03385.jpg,0
train_03386.jpg,0
train_03387.jpg,5
train_03388.jpg,5
train_03389.jpg,5
train_03390.jpg,0
train_03391.jpg,3
train_03392.jpg,5
train_03393.jpg,1
train_03394.jpg,3
train_03395.jpg,5
train_03396.jpg,3
train_03397.jpg,0
train_03398.jpg,0
train_03399.jpg,0
train_03400.jpg,4
train_03401.jpg,3
train_03402.jpg,0
train_03403.jpg,4
train_03404.jpg,5
train_03405.jpg,3
train_03406.jpg,3
train_03407.jpg,1
train_03408.jpg,5
train_03409.jpg,4
train_03410.jpg,4
train_03411.jpg,1
train_03412.jpg,0
train_03413.jpg,3
train_03414.jpg,1
train_03415.jpg,4
train_03416.jpg,5
train_03417.jpg,5
train_03418.jpg,0
train_03419.jpg,0
train_03420.jpg,0
train_03421.jpg,1
train_03422.jpg,5
train_03423.jpg,0
train_03424.jpg,1
train_03425.jpg,2
train_03426.jpg,5
train_03427.jpg,5
train_03428.jpg,0
train_03429.jpg,4
train_03430.jpg,1
train_03431.jpg,0
train_03432.jpg,4
train_03433.jpg,5
train_03434.jpg,3
train_03435.jpg,5
train_03436.jpg,5
train_03437.jpg,5
train_03438.jpg,0
train_03439.jpg,3
train_03440.jpg,0
train_03441.jpg,1
train_03442.jpg,5
train_03443.jpg,1
train_03444.jpg,3
train_03445.jpg,1
train_03446.jpg,4
train_03447.jpg,3
train_03448.jpg,4
train_03449.jpg,0
train_03450.jpg,5
train_03451.jpg,0
train_03452.jpg,5
train_03453.jpg,1
train_03454.jpg,2
train_03455.jpg,5
train_03456.jpg,0
train_03457.jpg,0
train_03458.jpg,0
train_03459.jpg,1
train_03460.jpg,0
train_03461.jpg,5
train_03462.jpg,3
train_03463.jpg,1
train_03464.jpg,3
train_03465.jpg,5
train_03466.jpg,0
train_03467.jpg,2
train_03468.jpg,0
train_03469.jpg,3
train_03470.jpg,4
train_03471.jpg,1
train_03472.jpg,4
train_03473.jpg,5
train_03474.jpg,1
train_03475.jpg,0
train_03476.jpg,1
train_03477.jpg,1
train_03478.jpg,5
train_03479.jpg,3
train_03480.jpg,0
train_03481.jpg,5
train_03482.jpg,1
train_03483.jpg,0
train_03484.jpg,5
train_03485.jpg,3
train_03486.jpg,0
train_03487.jpg,5
train_03488.jpg,0
train_03489.jpg,4
train_03490.jpg,5
train_03491.jpg,1
train_03492.jpg,5
train_03493.jpg,0
train_03494.jpg,0
train_03495.jpg,1
train_03496.jpg,0
train_03497.jpg,5
train_03498.jpg,5
train_03499.jpg,3
train_03500.jpg,0
train_03501.jpg,5
train_03502.jpg,0
train_03503.jpg,0
train_03504.jpg,3
train_03505.jpg,2
train_03506.jpg,5
train_03507.jpg,5
train_03508.jpg,1
train_03509.jpg,1
train_03510.jpg,5
train_03511.jpg,3
train_03512.jpg,3
train_03513.jpg,1
train_03514.jpg,0
train_03515.jpg,0
train_03516.jpg,1
train_03517.jpg,4
train_03518.jpg,4
train_03519.jpg,0
train_03520.jpg,5
train_03521.jpg,5
train_03522.jpg,1
train_03523.jpg,0
train_03524.jpg,5
train_03525.jpg,0
train_03526.jpg,0
train_03527.jpg,3
train_03528.jpg,4
train_03529.jpg,0
train_03530.jpg,1
train_03531.jpg,3
train_03532.jpg,1
train_03533.jpg,1
train_03534.jpg,5
train_03535.jpg,1
train_03536.jpg,1
train_03537.jpg,5
train_03538.jpg,0
train_03539.jpg,4
train_03540.jpg,3
train_03541.jpg,5
train_03542.jpg,4
train_03543.jpg,0
train_03544.jpg,1
train_03545.jpg,4
train_03546.jpg,3
train_03547.jpg,0
train_03548.jpg,1
train_03549.jpg,2
train_03550.jpg,5
train_03551.jpg,5
train_03552.jpg,5
train_03553.jpg,5
train_03554.jpg,0
train_03555.jpg,5
train_03556.jpg,4
train_03557.jpg,0
train_03558.jpg,2
train_03559.jpg,0
train_03560.jpg,5
train_03561.jpg,3
train_03562.jpg,0
train_03563.jpg,5
train_03564.jpg,4
train_03565.jpg,3
train_03566.jpg,1
train_03567.jpg,1
train_03568.jpg,1
train_03569.jpg,5
train_03570.jpg,5
train_03571.jpg,3
train_03572.jpg,0
train_03573.jpg,1
train_03574.jpg,5
train_03575.jpg,1
train_03576.jpg,5
train_03577.jpg,3
train_03578.jpg,0
train_03579.jpg,5
train_03580.jpg,4
train_03581.jpg,3
train_03582.jpg,0
train_03583.jpg,1
train_03584.jpg,0
train_03585.jpg,5
train_03586.jpg,1
train_03587.jpg,5
train_03588.jpg,1
train_03589.jpg,2
train_03590.jpg,1
train_03591.jpg,4
train_03592.jpg,5
train_03593.jpg,5
train_03594.jpg,4
train_03595.jpg,3
train_03596.jpg,5
train_03597.jpg,3
train_03598.jpg,4
train_03599.jpg,0
train_03600.jpg,2
train_03601.jpg,0
train_03602.jpg,3
train_03603.jpg,1
train_03604.jpg,0
train_03605.jpg,0
train_03606.jpg,0
train_03607.jpg,1
train_03608.jpg,3
train_03609.jpg,4
train_03610.jpg,3
train_03611.jpg,3
train_03612.jpg,3
train_03613.jpg,0
train_03614.jpg,5
train_03615.jpg,4
train_03616.jpg,2
train_03617.jpg,4
train_03618.jpg,5
train_03619.jpg,5
train_03620.jpg,3
train_03621.jpg,5
train_03622.jpg,5
train_03623.jpg,5
train_03624.jpg,0
train_03625.jpg,4
train_03626.jpg,1
train_03627.jpg,1
train_03628.jpg,0
train_03629.jpg,5
train_03630.jpg,1
train_03631.jpg,1
train_03632.jpg,1
train_03633.jpg,5
train_03634.jpg,0
train_03635.jpg,4
train_03636.jpg,3
train_03637.jpg,2
train_03638.jpg,1
train_03639.jpg,3
train_03640.jpg,5
train_03641.jpg,3
train_03642.jpg,0
train_03643.jpg,4
train_03644.jpg,5
train_03645.jpg,5
train_03646.jpg,5
train_03647.jpg,3
train_03648.jpg,4
train_03649.jpg,5
train_03650.jpg,0
train_03651.jpg,1
train_03652.jpg,4
train_03653.jpg,3
train_03654.jpg,3
train_03655.jpg,3
train_03656.jpg,3
train_03657.jpg,4
train_03658.jpg,0
train_03659.jpg,5
train_03660.jpg,0
train_03661.jpg,4
train_03662.jpg,0
train_03663.jpg,3
train_03664.jpg,5
train_03665.jpg,5
train_03666.jpg,5
train_03667.jpg,2
train_03668.jpg,1
train_03669.jpg,0
train_03670.jpg,5
train_03671.jpg,0
train_03672.jpg,3
train_03673.jpg,5
train_03674.jpg,2
train_03675.jpg,5
train_03676.jpg,4
train_03677.jpg,2
train_03678.jpg,1
train_03679.jpg,3
train_03680.jpg,1
train_03681.jpg,0
train_03682.jpg,2
train_03683.jpg,3
train_03684.jpg,1
train_03685.jpg,0
train_03686.jpg,2
train_03687.jpg,3
train_03688.jpg,5
train_03689.jpg,5
train_03690.jpg,0
train_03691.jpg,0
train_03692.jpg,4
train_03693.jpg,3
train_03694.jpg,3
train_03695.jpg,3
train_03696.jpg,0
train_03697.jpg,1
train_03698.jpg,3
train_03699.jpg,3
train_03700.jpg,5
train_03701.jpg,3
train_03702.jpg,1
train_03703.jpg,1
train_03704.jpg,4
train_03705.jpg,1
train_03706.jpg,1
train_03707.jpg,4
train_03708.jpg,0
train_03709.jpg,5
train_03710.jpg,3
train_03711.jpg,4
train_03712.jpg,5
train_03713.jpg,1
train_03714.jpg,3
train_03715.jpg,0
train_03716.jpg,1
train_03717.jpg,0
train_03718.jpg,5
train_03719.jpg,5
train_03720.jpg,5
train_03721.jpg,0
train_03722.jpg,0
train_03723.jpg,0
train_03724.jpg,0
train_03725.jpg,1
train_03726.jpg,5
train_03727.jpg,4
train_03728.jpg,1
train_03729.jpg,2
train_03730.jpg,2
train_03731.jpg,0
train_03732.jpg,4
train_03733.jpg,2
train_03734.jpg,5
train_03735.jpg,5
train_03736.jpg,5
train_03737.jpg,1
train_03738.jpg,4
train_03739.jpg,4
train_03740.jpg,4
train_03741.jpg,0
train_03742.jpg,4
train_03743.jpg,5
train_03744.jpg,0
train_03745.jpg,0
train_03746.jpg,1
train_03747.jpg,1
train_03748.jpg,5
train_03749.jpg,5
train_03750.jpg,5
train_03751.jpg,3
train_03752.jpg,0
train_03753.jpg,1
train_03754.jpg,1
train_03755.jpg,0
train_03756.jpg,5
train_03757.jpg,5
train_03758.jpg,1
train_03759.jpg,0
train_03760.jpg,0
train_03761.jpg,1
train_03762.jpg,1
train_03763.jpg,3
train_03764.jpg,1
train_03765.jpg,5
train_03766.jpg,0
train_03767.jpg,5
train_03768.jpg,5
train_03769.jpg,5
train_03770.jpg,0
train_03771.jpg,1
train_03772.jpg,1
train_03773.jpg,5
train_03774.jpg,5
train_03775.jpg,0
train_03776.jpg,5
train_03777.jpg,4
train_03778.jpg,1
train_03779.jpg,1
train_03780.jpg,0
train_03781.jpg,5
train_03782.jpg,1
train_03783.jpg,0
train_03784.jpg,1
train_03785.jpg,0
train_03786.jpg,5
train_03787.jpg,5
train_03788.jpg,2
train_03789.jpg,1
train_03790.jpg,5
train_03791.jpg,0
train_03792.jpg,0
train_03793.jpg,5
train_03794.jpg,0
train_03795.jpg,5
train_03796.jpg,0
train_03797.jpg,3
train_03798.jpg,0
train_03799.jpg,3
train_03800.jpg,0
train_03801.jpg,3
train_03802.jpg,5
train_03803.jpg,1
train_03804.jpg,3
train_03805.jpg,3
train_03806.jpg,0
train_03807.jpg,2
train_03808.jpg,1
train_03809.jpg,4
train_03810.jpg,4
train_03811.jpg,3
train_03812.jpg,1
train_03813.jpg,4
train_03814.jpg,5
train_03815.jpg,1
train_03816.jpg,4
train_03817.jpg,1
train_03818.jpg,5
train_03819.jpg,1
train_03820.jpg,4
train_03821.jpg,3
train_03822.jpg,1
train_03823.jpg,0
train_03824.jpg,0
train_03825.jpg,1
train_03826.jpg,5
train_03827.jpg,1
train_03828.jpg,4
train_03829.jpg,0
train_03830.jpg,3
train_03831.jpg,2
train_03832.jpg,0
train_03833.jpg,1
train_03834.jpg,0
train_03835.jpg,5
train_03836.jpg,5
train_03837.jpg,5
train_03838.jpg,3
train_03839.jpg,0
train_03840.jpg,5
train_03841.jpg,4
train_03842.jpg,1
train_03843.jpg,0
train_03844.jpg,5
train_03845.jpg,0
train_03846.jpg,5
train_03847.jpg,5
train_03848.jpg,0
train_03849.jpg,0
train_03850.jpg,0
train_03851.jpg,0
train_03852.jpg,3
train_03853.jpg,0
train_03854.jpg,5
train_03855.jpg,1
train_03856.jpg,1
train_03857.jpg,5
train_03858.jpg,0
train_03859.jpg,1
train_03860.jpg,3
train_03861.jpg,5
train_03862.jpg,3
train_03863.jpg,5
train_03864.jpg,0
train_03865.jpg,5
train_03866.jpg,1
train_03867.jpg,3
train_03868.jpg,0
train_03869.jpg,0
train_03870.jpg,1
train_03871.jpg,5
train_03872.jpg,0
train_03873.jpg,5
train_03874.jpg,3
train_03875.jpg,5
train_03876.jpg,3
train_03877.jpg,5
train_03878.jpg,1
train_03879.jpg,3
train_03880.jpg,0
train_03881.jpg,5
train_03882.jpg,0
train_03883.jpg,1
train_03884.jpg,5
train_03885.jpg,5
train_03886.jpg,4
train_03887.jpg,5
train_03888.jpg,0
train_03889.jpg,5
train_03890.jpg,5
train_03891.jpg,1
train_03892.jpg,4
train_03893.jpg,5
train_03894.jpg,0
train_03895.jpg,0
train_03896.jpg,0
train_03897.jpg,4
train_03898.jpg,5
train_03899.jpg,5
train_03900.jpg,5
train_03901.jpg,5
train_03902.jpg,0
train_03903.jpg,2
train_03904.jpg,5
train_03905.jpg,1
train_03906.jpg,4
train_03907.jpg,4
train_03908.jpg,1
train_03909.jpg,1
train_03910.jpg,3
train_03911.jpg,4
train_03912.jpg,5
train_03913.jpg,1
train_03914.jpg,1
train_03915.jpg,0
train_03916.jpg,0
train_03917.jpg,0
train_03918.jpg,4
train_03919.jpg,3
train_03920.jpg,5
train_03921.jpg,4
train_03922.jpg,5
train_03923.jpg,3
train_03924.jpg,1
train_03925.jpg,5
train_03926.jpg,3
train_03927.jpg,1
train_03928.jpg,0
train_03929.jpg,0
train_03930.jpg,0
train_03931.jpg,0
train_03932.jpg,0
train_03933.jpg,1
train_03934.jpg,4
train_03935.jpg,5
train_03936.jpg,4
train_03937.jpg,4
train_03938.jpg,5
train_03939.jpg,5
train_03940.jpg,0
train_03941.jpg,3
train_03942.jpg,0
train_03943.jpg,5
train_03944.jpg,2
train_03945.jpg,3
train_03946.jpg,3
train_03947.jpg,5
train_03948.jpg,4
train_03949.jpg,0
train_03950.jpg,1
train_03951.jpg,1
train_03952.jpg,1
train_03953.jpg,4
train_03954.jpg,0
train_03955.jpg,0
train_03956.jpg,0
train_03957.jpg,0
train_03958.jpg,5
train_03959.jpg,3
train_03960.jpg,4
train_03961.jpg,3
train_03962.jpg,0
train_03963.jpg,1
train_03964.jpg,5
train_03965.jpg,5
train_03966.jpg,1
train_03967.jpg,3
train_03968.jpg,1
train_03969.jpg,1
train_03970.jpg,0
train_03971.jpg,5
train_03972.jpg,0
train_03973.jpg,3
train_03974.jpg,1
train_03975.jpg,1
train_03976.jpg,0
train_03977.jpg,4
train_03978.jpg,0
train_03979.jpg,1
train_03980.jpg,1
train_03981.jpg,2
train_03982.jpg,5
train_03983.jpg,5
train_03984.jpg,5
train_03985.jpg,0
train_03986.jpg,4
train_03987.jpg,3
train_03988.jpg,1
train_03989.jpg,5
train_03990.jpg,2
train_03991.jpg,3
train_03992.jpg,5
train_03993.jpg,3
train_03994.jpg,5
train_03995.jpg,3
train_03996.jpg,1
train_03997.jpg,5
train_03998.jpg,0
train_03999.jpg,3
train_04000.jpg,1
train_04001.jpg,0
train_04002.jpg,0
train_04003.jpg,1
train_04004.jpg,5
train_04005.jpg,4
train_04006.jpg,0
train_04007.jpg,3
train_04008.jpg,0
train_04009.jpg,0
train_04010.jpg,5
train_04011.jpg,3
train_04012.jpg,0
train_04013.jpg,5
train_04014.jpg,0
train_04015.jpg,1
train_04016.jpg,5
train_04017.jpg,1
train_04018.jpg,0
train_04019.jpg,0
train_04020.jpg,1
train_04021.jpg,5
train_04022.jpg,5
train_04023.jpg,5
train_04024.jpg,3
train_04025.jpg,1
train_04026.jpg,1
train_04027.jpg,0
train_04028.jpg,5
train_04029.jpg,5
train_04030.jpg,0
train_04031.jpg,0
train_04032.jpg,0
train_04033.jpg,0
train_04034.jpg,0
train_04035.jpg,1
train_04036.jpg,4
train_04037.jpg,0
train_04038.jpg,1
train_04039.jpg,4
train_04040.jpg,3
train_04041.jpg,5
train_04042.jpg,0
train_04043.jpg,0
train_04044.jpg,3
train_04045.jpg,3
train_04046.jpg,0
train_04047.jpg,3
train_04048.jpg,1
train_04049.jpg,0
train_04050.jpg,1
train_04051.jpg,5
train_04052.jpg,5
train_04053.jpg,0
train_04054.jpg,0
train_04055.jpg,0
train_04056.jpg,0
train_04057.jpg,0
train_04058.jpg,1
train_04059.jpg,3
train_04060.jpg,0
train_04061.jpg,0
train_04062.jpg,0
train_04063.jpg,1
train_04064.jpg,1
train_04065.jpg,5
train_04066.jpg,0
train_04067.jpg,4
train_04068.jpg,5
train_04069.jpg,4
train_04070.jpg,1
train_04071.jpg,1
train_04072.jpg,3
train_04073.jpg,0
train_04074.jpg,5
train_04075.jpg,3
train_04076.jpg,1
train_04077.jpg,0
train_04078.jpg,1
train_04079.jpg,1
train_04080.jpg,5
train_04081.jpg,1
train_04082.jpg,3
train_04083.jpg,5
train_04084.jpg,5
train_04085.jpg,2
train_04086.jpg,5
train_04087.jpg,3
train_04088.jpg,0
train_04089.jpg,0
train_04090.jpg,1
train_04091.jpg,1
train_04092.jpg,1
train_04093.jpg,5
train_04094.jpg,1
train_04095.jpg,5
train_04096.jpg,3
train_04097.jpg,0
train_04098.jpg,4
train_04099.jpg,5
train_04100.jpg,1
train_04101.jpg,5
train_04102.jpg,2
train_04103.jpg,1
train_04104.jpg,0
train_04105.jpg,5
train_04106.jpg,0
train_04107.jpg,5
train_04108.jpg,1
train_04109.jpg,1
train_04110.jpg,5
train_04111.jpg,1
train_04112.jpg,5
train_04113.jpg,1
train_04114.jpg,5
train_04115.jpg,5
train_04116.jpg,2
train_04117.jpg,0
train_04118.jpg,5
train_04119.jpg,0
train_04120.jpg,3
train_04121.jpg,2
train_04122.jpg,0
train_04123.jpg,5
train_04124.jpg,2
train_04125.jpg,0
train_04126.jpg,1
train_04127.jpg,1
train_04128.jpg,0
train_04129.jpg,5
train_04130.jpg,1
train_04131.jpg,3
train_04132.jpg,4
train_04133.jpg,3
train_04134.jpg,5
train_04135.jpg,0
train_04136.jpg,5
train_04137.jpg,0
train_04138.jpg,0
train_04139.jpg,5
train_04140.jpg,0
train_04141.jpg,0
train_04142.jpg,0
train_04143.jpg,0
train_04144.jpg,3
train_04145.jpg,5
train_04146.jpg,5
train_04147.jpg,3
train_04148.jpg,1
train_04149.jpg,5
train_04150.jpg,4
train_04151.jpg,5
train_04152.jpg,5
train_04153.jpg,5
train_04154.jpg,0
train_04155.jpg,3
train_04156.jpg,0
train_04157.jpg,3
train_04158.jpg,5
train_04159.jpg,4
train_04160.jpg,4
train_04161.jpg,0
train_04162.jpg,5
train_04163.jpg,0
train_04164.jpg,2
train_04165.jpg,0
train_04166.jpg,0
train_04167.jpg,0
train_04168.jpg,5
train_04169.jpg,1
train_04170.jpg,0
train_04171.jpg,4
train_04172.jpg,5
train_04173.jpg,5
train_04174.jpg,4
train_04175.jpg,5
train_04176.jpg,0
train_04177.jpg,5
train_04178.jpg,0
train_04179.jpg,0
train_04180.jpg,3
train_04181.jpg,4
train_04182.jpg,5
train_04183.jpg,1
train_04184.jpg,5
train_04185.jpg,0
train_04186.jpg,5
train_04187.jpg,1
train_04188.jpg,4
train_04189.jpg,0
train_04190.jpg,5
train_04191.jpg,0
train_04192.jpg,1
train_04193.jpg,3
train_04194.jpg,0
train_04195.jpg,2
train_04196.jpg,0
train_04197.jpg,5
train_04198.jpg,0
train_04199.jpg,0
train_04200.jpg,0
train_04201.jpg,1
train_04202.jpg,1
train_04203.jpg,5
train_04204.jpg,0
train_04205.jpg,4
train_04206.jpg,5
train_04207.jpg,0
train_04208.jpg,3
train_04209.jpg,4
train_04210.jpg,3
train_04211.jpg,3
train_04212.jpg,2
train_04213.jpg,5
train_04214.jpg,5
train_04215.jpg,4
train_04216.jpg,4
train_04217.jpg,5
train_04218.jpg,0
train_04219.jpg,1
train_04220.jpg,5
train_04221.jpg,4
train_04222.jpg,3
train_04223.jpg,3
train_04224.jpg,5
train_04225.jpg,5
train_04226.jpg,3
train_04227.jpg,4
train_04228.jpg,2
train_04229.jpg,1
train_04230.jpg,1
train_04231.jpg,0
train_04232.jpg,0
train_04233.jpg,5
train_04234.jpg,5
train_04235.jpg,0
train_04236.jpg,0
train_04237.jpg,1
train_04238.jpg,5
train_04239.jpg,3
train_04240.jpg,5
train_04241.jpg,2
train_04242.jpg,1
train_04243.jpg,5
train_04244.jpg,1
train_04245.jpg,0
train_04246.jpg,4
train_04247.jpg,0
train_04248.jpg,1
train_04249.jpg,2
train_04250.jpg,5
train_04251.jpg,3
train_04252.jpg,5
train_04253.jpg,5
train_04254.jpg,0
train_04255.jpg,3
train_04256.jpg,4
train_04257.jpg,0
train_04258.jpg,1
train_04259.jpg,1
train_04260.jpg,4
train_04261.jpg,3
train_04262.jpg,0
train_04263.jpg,0
train_04264.jpg,1
train_04265.jpg,5
train_04266.jpg,4
train_04267.jpg,4
train_04268.jpg,5
train_04269.jpg,3
train_04270.jpg,5
train_04271.jpg,5
train_04272.jpg,5
train_04273.jpg,4
train_04274.jpg,1
train_04275.jpg,4
train_04276.jpg,0
train_04277.jpg,1
train_04278.jpg,0
train_04279.jpg,2
train_04280.jpg,1
train_04281.jpg,5
train_04282.jpg,3
train_04283.jpg,0
train_04284.jpg,5
train_04285.jpg,5
train_04286.jpg,1
train_04287.jpg,5
train_04288.jpg,4
train_04289.jpg,1
train_04290.jpg,1
train_04291.jpg,4
train_04292.jpg,3
train_04293.jpg,1
train_04294.jpg,4
train_04295.jpg,5
train_04296.jpg,0
train_04297.jpg,5
train_04298.jpg,5
train_04299.jpg,3
train_04300.jpg,4
train_04301.jpg,5
train_04302.jpg,0
train_04303.jpg,0
train_04304.jpg,3
train_04305.jpg,0
train_04306.jpg,3
train_04307.jpg,5
train_04308.jpg,4
train_04309.jpg,0
train_04310.jpg,4
train_04311.jpg,1
train_04312.jpg,5
train_04313.jpg,5
train_04314.jpg,0
train_04315.jpg,2
train_04316.jpg,1
train_04317.jpg,3
train_04318.jpg,1
train_04319.jpg,5
train_04320.jpg,1
train_04321.jpg,3
train_04322.jpg,1
train_04323.jpg,1
train_04324.jpg,1
train_04325.jpg,4
train_04326.jpg,1
train_04327.jpg,0
train_04328.jpg,1
train_04329.jpg,2
train_04330.jpg,4
train_04331.jpg,5
train_04332.jpg,0
train_04333.jpg,5
train_04334.jpg,4
train_04335.jpg,5
train_04336.jpg,0
train_04337.jpg,0
train_04338.jpg,3
train_04339.jpg,5
train_04340.jpg,5
train_04341.jpg,0
train_04342.jpg,2
train_04343.jpg,5
train_04344.jpg,0
train_04345.jpg,5
train_04346.jpg,0
train_04347.jpg,0
train_04348.jpg,3
train_04349.jpg,0
train_04350.jpg,1
train_04351.jpg,1
train_04352.jpg,1
train_04353.jpg,5
train_04354.jpg,5
train_04355.jpg,5
train_04356.jpg,1
train_04357.jpg,0
train_04358.jpg,3
train_04359.jpg,0
train_04360.jpg,2
train_04361.jpg,3
train_04362.jpg,1
train_04363.jpg,0
train_04364.jpg,5
train_04365.jpg,0
train_04366.jpg,5
train_04367.jpg,3
train_04368.jpg,1
train_04369.jpg,0
train_04370.jpg,5
train_04371.jpg,0
train_04372.jpg,3
train_04373.jpg,0
train_04374.jpg,0
train_04375.jpg,5
train_04376.jpg,1
train_04377.jpg,5
train_04378.jpg,0
train_04379.jpg,5
train_04380.jpg,0
train_04381.jpg,4
train_04382.jpg,4
train_04383.jpg,0
train_04384.jpg,3
train_04385.jpg,0
train_04386.jpg,1
train_04387.jpg,5
train_04388.jpg,1
train_04389.jpg,4
train_04390.jpg,3
train_04391.jpg,3
train_04392.jpg,4
train_04393.jpg,1
train_04394.jpg,3
train_04395.jpg,0
train_04396.jpg,0
train_04397.jpg,5
train_04398.jpg,1
train_04399.jpg,3
train_04400.jpg,3
train_04401.jpg,1
train_04402.jpg,3
train_04403.jpg,4
train_04404.jpg,3
train_04405.jpg,0
train_04406.jpg,5
train_04407.jpg,0
train_04408.jpg,3
train_04409.jpg,0
train_04410.jpg,0
train_04411.jpg,4
train_04412.jpg,1
train_04413.jpg,5
train_04414.jpg,1
train_04415.jpg,3
train_04416.jpg,0
train_04417.jpg,5
train_04418.jpg,5
train_04419.jpg,3
train_04420.jpg,4
train_04421.jpg,5
train_04422.jpg,5
train_04423.jpg,5
train_04424.jpg,1
train_04425.jpg,0
train_04426.jpg,5
train_04427.jpg,0
train_04428.jpg,5
train_04429.jpg,4
train_04430.jpg,5
train_04431.jpg,3
train_04432.jpg,2
train_04433.jpg,2
train_04434.jpg,1
train_04435.jpg,0
train_04436.jpg,3
train_04437.jpg,2
train_04438.jpg,1
train_04439.jpg,4
train_04440.jpg,4
train_04441.jpg,0
train_04442.jpg,5
train_04443.jpg,4
train_04444.jpg,3
train_04445.jpg,0
train_04446.jpg,5
train_04447.jpg,1
train_04448.jpg,5
train_04449.jpg,0
train_04450.jpg,3
train_04451.jpg,1
train_04452.jpg,4
train_04453.jpg,3
train_04454.jpg,5
train_04455.jpg,5
train_04456.jpg,1
train_04457.jpg,1
train_04458.jpg,1
train_04459.jpg,5
train_04460.jpg,1
train_04461.jpg,5
train_04462.jpg,0
train_04463.jpg,0
train_04464.jpg,1
train_04465.jpg,0
train_04466.jpg,5
train_04467.jpg,4
train_04468.jpg,3
train_04469.jpg,3
train_04470.jpg,0
train_04471.jpg,3
train_04472.jpg,5
train_04473.jpg,0
train_04474.jpg,5
train_04475.jpg,3
train_04476.jpg,0
train_04477.jpg,3
train_04478.jpg,3
train_04479.jpg,5
train_04480.jpg,5
train_04481.jpg,1
train_04482.jpg,5
train_04483.jpg,3
train_04484.jpg,1
train_04485.jpg,1
train_04486.jpg,3
train_04487.jpg,5
train_04488.jpg,5
train_04489.jpg,1
train_04490.jpg,0
train_04491.jpg,0
train_04492.jpg,0
train_04493.jpg,0
train_04494.jpg,5
train_04495.jpg,2
train_04496.jpg,4
train_04497.jpg,2
train_04498.jpg,0
train_04499.jpg,5
train_04500.jpg,5
train_04501.jpg,1
train_04502.jpg,1
train_04503.jpg,4
train_04504.jpg,3
train_04505.jpg,1
train_04506.jpg,0
train_04507.jpg,1
train_04508.jpg,0
train_04509.jpg,0
train_04510.jpg,2
train_04511.jpg,0
train_04512.jpg,4
train_04513.jpg,0
train_04514.jpg,5
train_04515.jpg,0
train_04516.jpg,3
train_04517.jpg,1
train_04518.jpg,3
train_04519.jpg,0
train_04520.jpg,1
train_04521.jpg,1
train_04522.jpg,1
train_04523.jpg,0
train_04524.jpg,1
train_04525.jpg,3
train_04526.jpg,5
train_04527.jpg,5
train_04528.jpg,3
train_04529.jpg,3
train_04530.jpg,3
train_04531.jpg,0
train_04532.jpg,5
train_04533.jpg,2
train_04534.jpg,3
train_04535.jpg,5
train_04536.jpg,5
train_04537.jpg,3
train_04538.jpg,3
train_04539.jpg,0
train_04540.jpg,3
train_04541.jpg,5
train_04542.jpg,5
train_04543.jpg,0
train_04544.jpg,0
train_04545.jpg,1
train_04546.jpg,3
train_04547.jpg,0
train_04548.jpg,5
train_04549.jpg,0
train_04550.jpg,1
train_04551.jpg,1
train_04552.jpg,5
train_04553.jpg,0
train_04554.jpg,5
train_04555.jpg,0
train_04556.jpg,4
train_04557.jpg,3
train_04558.jpg,5
train_04559.jpg,0
train_04560.jpg,5
train_04561.jpg,0
train_04562.jpg,1
train_04563.jpg,1
train_04564.jpg,4
train_04565.jpg,3
train_04566.jpg,0
train_04567.jpg,5
train_04568.jpg,0
train_04569.jpg,1
train_04570.jpg,0
train_04571.jpg,0
train_04572.jpg,1
train_04573.jpg,4
train_04574.jpg,0
train_04575.jpg,5
train_04576.jpg,1
train_04577.jpg,4
train_04578.jpg,1
train_04579.jpg,1
train_04580.jpg,0
train_04581.jpg,0
train_04582.jpg,1
train_04583.jpg,3
train_04584.jpg,2
train_04585.jpg,2
train_04586.jpg,5
train_04587.jpg,1
train_04588.jpg,5
train_04589.jpg,3
train_04590.jpg,5
train_04591.jpg,4
train_04592.jpg,1
train_04593.jpg,4
train_04594.jpg,5
train_04595.jpg,5
train_04596.jpg,5
train_04597.jpg,0
train_04598.jpg,0
train_04599.jpg,0
train_04600.jpg,1
train_04601.jpg,0
train_04602.jpg,0
train_04603.jpg,5
train_04604.jpg,1
train_04605.jpg,4
train_04606.jpg,1
train_04607.jpg,1
train_04608.jpg,0
train_04609.jpg,0
train_04610.jpg,1
train_04611.jpg,5
train_04612.jpg,1
train_04613.jpg,3
train_04614.jpg,5
train_04615.jpg,2
train_04616.jpg,1
train_04617.jpg,1
train_04618.jpg,0
train_04619.jpg,0
train_04620.jpg,3
train_04621.jpg,1
train_04622.jpg,3
train_04623.jpg,0
train_04624.jpg,0
train_04625.jpg,0
train_04626.jpg,0
train_04627.jpg,2
train_04628.jpg,5
train_04629.jpg,4
train_04630.jpg,0
train_04631.jpg,1
train_04632.jpg,4
train_04633.jpg,0
train_04634.jpg,3
train_04635.jpg,0
train_04636.jpg,2
train_04637.jpg,3
train_04638.jpg,5
train_04639.jpg,0
train_04640.jpg,5
train_04641.jpg,0
train_04642.jpg,1
train_04643.jpg,5
train_04644.jpg,0
train_04645.jpg,1
train_04646.jpg,1
train_04647.jpg,5
train_04648.jpg,5
train_04649.jpg,0
train_04650.jpg,0
train_04651.jpg,0
train_04652.jpg,3
train_04653.jpg,0
train_04654.jpg,3
train_04655.jpg,1
train_04656.jpg,5
train_04657.jpg,5
train_04658.jpg,0
train_04659.jpg,0
train_04660.jpg,1
train_04661.jpg,3
train_04662.jpg,5
train_04663.jpg,2
train_04664.jpg,3
train_04665.jpg,0
train_04666.jpg,1
train_04667.jpg,5
train_04668.jpg,4
train_04669.jpg,5
train_04670.jpg,0
train_04671.jpg,4
train_04672.jpg,0
train_04673.jpg,3
train_04674.jpg,5
train_04675.jpg,5
train_04676.jpg,3
train_04677.jpg,0
train_04678.jpg,4
train_04679.jpg,5
train_04680.jpg,5
train_04681.jpg,0
train_04682.jpg,0
train_04683.jpg,3
train_04684.jpg,0
train_04685.jpg,3
train_04686.jpg,3
train_04687.jpg,3
train_04688.jpg,0
train_04689.jpg,3
train_04690.jpg,0
train_04691.jpg,5
train_04692.jpg,3
train_04693.jpg,1
train_04694.jpg,3
train_04695.jpg,5
train_04696.jpg,0
train_04697.jpg,3
train_04698.jpg,0
train_04699.jpg,5
train_04700.jpg,5
train_04701.jpg,5
train_04702.jpg,0
train_04703.jpg,2
train_04704.jpg,3
train_04705.jpg,0
train_04706.jpg,5
train_04707.jpg,3
train_04708.jpg,5
train_04709.jpg,0
train_04710.jpg,1
train_04711.jpg,3
train_04712.jpg,5
train_04713.jpg,1
train_04714.jpg,0
train_04715.jpg,0
train_04716.jpg,1
train_04717.jpg,4
train_04718.jpg,5
train_04719.jpg,4
train_04720.jpg,1
train_04721.jpg,5
train_04722.jpg,0
train_04723.jpg,4
train_04724.jpg,5
train_04725.jpg,3
train_04726.jpg,0
train_04727.jpg,3
train_04728.jpg,1
train_04729.jpg,4
train_04730.jpg,5
train_04731.jpg,5
train_04732.jpg,0
train_04733.jpg,0
train_04734.jpg,3
train_04735.jpg,0
train_04736.jpg,0
train_04737.jpg,5
train_04738.jpg,3
train_04739.jpg,5
train_04740.jpg,5
train_04741.jpg,1
train_04742.jpg,5
train_04743.jpg,1
train_04744.jpg,0
train_04745.jpg,0
train_04746.jpg,0
train_04747.jpg,3
train_04748.jpg,3
train_04749.jpg,4
train_04750.jpg,1
train_04751.jpg,0
train_04752.jpg,0
train_04753.jpg,1
train_04754.jpg,0
train_04755.jpg,5
train_04756.jpg,4
train_04757.jpg,1
train_04758.jpg,1
train_04759.jpg,5
train_04760.jpg,2
train_04761.jpg,1
train_04762.jpg,0
train_04763.jpg,1
train_04764.jpg,0
train_04765.jpg,0
train_04766.jpg,3
train_04767.jpg,1
train_04768.jpg,0
train_04769.jpg,1
train_04770.jpg,0
train_04771.jpg,0
train_04772.jpg,5
train_04773.jpg,0
train_04774.jpg,0
train_04775.jpg,3
train_04776.jpg,5
train_04777.jpg,5
train_04778.jpg,5
train_04779.jpg,1
train_04780.jpg,3
train_04781.jpg,1
train_04782.jpg,1
train_04783.jpg,3
train_04784.jpg,5
train_04785.jpg,0
train_04786.jpg,5
train_04787.jpg,4
train_04788.jpg,5
train_04789.jpg,3
train_04790.jpg,1
train_04791.jpg,0
train_04792.jpg,3
train_04793.jpg,1
train_04794.jpg,5
train_04795.jpg,1
train_04796.jpg,0
train_04797.jpg,5
train_04798.jpg,0
train_04799.jpg,5
train_04800.jpg,1
train_04801.jpg,1
train_04802.jpg,4
train_04803.jpg,0
train_04804.jpg,4
train_04805.jpg,0
train_04806.jpg,5
train_04807.jpg,0
train_04808.jpg,0
train_04809.jpg,5
train_04810.jpg,4
train_04811.jpg,3
train_04812.jpg,4
train_04813.jpg,0
train_04814.jpg,1
train_04815.jpg,3
train_04816.jpg,5
train_04817.jpg,1
train_04818.jpg,5
train_04819.jpg,5
train_04820.jpg,0
train_04821.jpg,4
train_04822.jpg,5
train_04823.jpg,3
train_04824.jpg,3
train_04825.jpg,1
train_04826.jpg,5
train_04827.jpg,3
train_04828.jpg,5
train_04829.jpg,2
train_04830.jpg,0
train_04831.jpg,3
train_04832.jpg,1
train_04833.jpg,1
train_04834.jpg,0
train_04835.jpg,3
train_04836.jpg,2
train_04837.jpg,3
train_04838.jpg,5
train_04839.jpg,1
train_04840.jpg,3
train_04841.jpg,5
train_04842.jpg,0
train_04843.jpg,0
train_04844.jpg,5
train_04845.jpg,5
train_04846.jpg,0
train_04847.jpg,1
train_04848.jpg,3
train_04849.jpg,1
train_04850.jpg,0
train_04851.jpg,3
train_04852.jpg,5
train_04853.jpg,4
train_04854.jpg,3
train_04855.jpg,5
train_04856.jpg,4
train_04857.jpg,1
train_04858.jpg,2
train_04859.jpg,0
train_04860.jpg,0
train_04861.jpg,0
train_04862.jpg,1
train_04863.jpg,2
train_04864.jpg,1
train_04865.jpg,2
train_04866.jpg,5
train_04867.jpg,4
train_04868.jpg,4
train_04869.jpg,0
train_04870.jpg,4
train_04871.jpg,1
train_04872.jpg,1
train_04873.jpg,0
train_04874.jpg,0
train_04875.jpg,5
train_04876.jpg,0
train_04877.jpg,3
train_04878.jpg,1
train_04879.jpg,1
train_04880.jpg,0
train_04881.jpg,0
train_04882.jpg,1
train_04883.jpg,4
train_04884.jpg,1
train_04885.jpg,1
train_04886.jpg,3
train_04887.jpg,3
train_04888.jpg,3
train_04889.jpg,2
train_04890.jpg,3
train_04891.jpg,2
train_04892.jpg,3
train_04893.jpg,5
train_04894.jpg,0
train_04895.jpg,0
train_04896.jpg,1
train_04897.jpg,1
train_04898.jpg,3
train_04899.jpg,4
train_04900.jpg,5
train_04901.jpg,0
train_04902.jpg,3
train_04903.jpg,1
train_04904.jpg,3
train_04905.jpg,5
train_04906.jpg,4
train_04907.jpg,0
train_04908.jpg,1
train_04909.jpg,0
train_04910.jpg,5
train_04911.jpg,0
train_04912.jpg,4
train_04913.jpg,2
train_04914.jpg,0
train_04915.jpg,1
train_04916.jpg,5
train_04917.jpg,3
train_04918.jpg,1
train_04919.jpg,2
train_04920.jpg,5
train_04921.jpg,5
train_04922.jpg,5
train_04923.jpg,4
train_04924.jpg,0
train_04925.jpg,3
train_04926.jpg,0
train_04927.jpg,0
train_04928.jpg,5
train_04929.jpg,0
train_04930.jpg,5
train_04931.jpg,1
train_04932.jpg,0
train_04933.jpg,5
train_04934.jpg,5
train_04935.jpg,1
train_04936.jpg,2
train_04937.jpg,1
train_04938.jpg,1
train_04939.jpg,5
train_04940.jpg,1
train_04941.jpg,0
train_04942.jpg,0
train_04943.jpg,5
train_04944.jpg,1
train_04945.jpg,0
train_04946.jpg,3
train_04947.jpg,1
train_04948.jpg,0
train_04949.jpg,5
train_04950.jpg,1
train_04951.jpg,5
train_04952.jpg,1
train_04953.jpg,3
train_04954.jpg,5
train_04955.jpg,5
train_04956.jpg,0
train_04957.jpg,3
train_04958.jpg,1
train_04959.jpg,1
train_04960.jpg,1
train_04961.jpg,5
train_04962.jpg,0
train_04963.jpg,0
train_04964.jpg,3
train_04965.jpg,5
train_04966.jpg,4
train_04967.jpg,5
train_04968.jpg,3
train_04969.jpg,1
train_04970.jpg,2
train_04971.jpg,0
train_04972.jpg,5
train_04973.jpg,5
train_04974.jpg,1
train_04975.jpg,0
train_04976.jpg,5
train_04977.jpg,3
train_04978.jpg,3
train_04979.jpg,0
train_04980.jpg,5
train_04981.jpg,3
train_04982.jpg,0
train_04983.jpg,4
train_04984.jpg,4
train_04985.jpg,1
train_04986.jpg,5
train_04987.jpg,3
train_04988.jpg,0
train_04989.jpg,2
train_04990.jpg,1
train_04991.jpg,5
train_04992.jpg,2
train_04993.jpg,5
train_04994.jpg,0
train_04995.jpg,1
train_04996.jpg,1
train_04997.jpg,5
train_04998.jpg,2
train_04999.jpg,5
train_05000.jpg,0
train_05001.jpg,1
train_05002.jpg,3
train_05003.jpg,3
train_05004.jpg,5
train_05005.jpg,5
train_05006.jpg,1
train_05007.jpg,1
train_05008.jpg,3
train_05009.jpg,2
train_05010.jpg,1
train_05011.jpg,5
train_05012.jpg,1
train_05013.jpg,1
train_05014.jpg,3
train_05015.jpg,5
train_05016.jpg,0
train_05017.jpg,2
train_05018.jpg,5
train_05019.jpg,4
train_05020.jpg,4
train_05021.jpg,5
train_05022.jpg,0
train_05023.jpg,5
train_05024.jpg,2
train_05025.jpg,4
train_05026.jpg,0
train_05027.jpg,1
train_05028.jpg,0
train_05029.jpg,4
train_05030.jpg,0
train_05031.jpg,0
train_05032.jpg,5
train_05033.jpg,5
train_05034.jpg,4
train_05035.jpg,5
train_05036.jpg,3
train_05037.jpg,0
train_05038.jpg,5
train_05039.jpg,3
train_05040.jpg,1
train_05041.jpg,3
train_05042.jpg,5
train_05043.jpg,0
train_05044.jpg,0
train_05045.jpg,3
train_05046.jpg,3
train_05047.jpg,1
train_05048.jpg,0
train_05049.jpg,4
train_05050.jpg,0
train_05051.jpg,3
train_05052.jpg,5
train_05053.jpg,5
train_05054.jpg,3
train_05055.jpg,0